// Generated by tools/build_glyph_table.py from 5 sample fonts. Do not edit.

/// Obfuscated code points, sorted.
pub static POOL: [u16; 3500] = [
	0x4E00, 0x4E01, 0x4E03, 0x4E07, 0x4E08, 0x4E09, 0x4E0A, 0x4E0B, 0x4E0D, 0x4E0E, 0x4E10, 0x4E11, 0x4E13, 0x4E14, 0x4E16, 0x4E18,
	0x4E19, 0x4E1A, 0x4E1B, 0x4E1C, 0x4E1D, 0x4E22, 0x4E24, 0x4E25, 0x4E27, 0x4E2A, 0x4E2B, 0x4E2D, 0x4E30, 0x4E32, 0x4E34, 0x4E38,
	0x4E39, 0x4E3A, 0x4E3B, 0x4E3D, 0x4E3E, 0x4E43, 0x4E45, 0x4E48, 0x4E49, 0x4E4B, 0x4E4C, 0x4E4D, 0x4E4E, 0x4E4F, 0x4E50, 0x4E52,
	0x4E53, 0x4E54, 0x4E56, 0x4E58, 0x4E59, 0x4E5D, 0x4E5E, 0x4E5F, 0x4E60, 0x4E61, 0x4E66, 0x4E70, 0x4E71, 0x4E73, 0x4E7E, 0x4E86,
	0x4E88, 0x4E89, 0x4E8B, 0x4E8C, 0x4E8E, 0x4E8F, 0x4E91, 0x4E92, 0x4E94, 0x4E95, 0x4E9A, 0x4E9B, 0x4EA1, 0x4EA2, 0x4EA4, 0x4EA5,
	0x4EA6, 0x4EA7, 0x4EA9, 0x4EAB, 0x4EAC, 0x4EAD, 0x4EAE, 0x4EB2, 0x4EBA, 0x4EBF, 0x4EC0, 0x4EC1, 0x4EC5, 0x4EC6, 0x4EC7, 0x4ECA,
	0x4ECB, 0x4ECD, 0x4ECE, 0x4ED1, 0x4ED3, 0x4ED4, 0x4ED6, 0x4ED7, 0x4ED8, 0x4ED9, 0x4EE3, 0x4EE4, 0x4EE5, 0x4EEA, 0x4EEC, 0x4EF0,
	0x4EF2, 0x4EF6, 0x4EF7, 0x4EFB, 0x4EFD, 0x4EFF, 0x4F01, 0x4F0A, 0x4F0D, 0x4F0F, 0x4F10, 0x4F11, 0x4F17, 0x4F18, 0x4F19, 0x4F1A,
	0x4F1E, 0x4F1F, 0x4F20, 0x4F24, 0x4F26, 0x4F2A, 0x4F2F, 0x4F30, 0x4F34, 0x4F36, 0x4F38, 0x4F3A, 0x4F3C, 0x4F43, 0x4F46, 0x4F4D,
	0x4F4E, 0x4F4F, 0x4F50, 0x4F51, 0x4F53, 0x4F55, 0x4F59, 0x4F5B, 0x4F5C, 0x4F60, 0x4F63, 0x4F69, 0x4F73, 0x4F7F, 0x4F84, 0x4F88,
	0x4F8B, 0x4F8D, 0x4F9B, 0x4F9D, 0x4FA0, 0x4FA3, 0x4FA5, 0x4FA6, 0x4FA7, 0x4FA8, 0x4FAE, 0x4FAF, 0x4FB5, 0x4FBF, 0x4FC3, 0x4FC4,
	0x4FCA, 0x4FCF, 0x4FD0, 0x4FD7, 0x4FD8, 0x4FDD, 0x4FE1, 0x4FE9, 0x4FED, 0x4FEE, 0x4FEF, 0x4FF1, 0x4FFA, 0x500D, 0x5012, 0x5014,
	0x5018, 0x5019, 0x501A, 0x501F, 0x5021, 0x5026, 0x503A, 0x503C, 0x503E, 0x5047, 0x504E, 0x504F, 0x505A, 0x505C, 0x5065, 0x5076,
	0x5077, 0x507F, 0x5085, 0x508D, 0x50A8, 0x50AC, 0x50B2, 0x50BB, 0x50CF, 0x50DA, 0x50E7, 0x50F5, 0x50FB, 0x5112, 0x513F, 0x5141,
	0x5143, 0x5144, 0x5145, 0x5146, 0x5148, 0x5149, 0x514B, 0x514D, 0x5151, 0x5154, 0x515A, 0x515C, 0x5162, 0x5165, 0x5168, 0x516B,
	0x516C, 0x516D, 0x5170, 0x5171, 0x5173, 0x5174, 0x5175, 0x5176, 0x5177, 0x5178, 0x5179, 0x517B, 0x517C, 0x517D, 0x5180, 0x5185,
	0x5188, 0x5189, 0x518C, 0x518D, 0x5192, 0x5197, 0x5199, 0x519B, 0x519C, 0x51A0, 0x51A4, 0x51A5, 0x51AC, 0x51AF, 0x51B0, 0x51B2,
	0x51B3, 0x51B5, 0x51B6, 0x51B7, 0x51BB, 0x51C0, 0x51C4, 0x51C6, 0x51C9, 0x51CC, 0x51CF, 0x51D1, 0x51DB, 0x51DD, 0x51E0, 0x51E1,
	0x51E4, 0x51ED, 0x51EF, 0x51F0, 0x51F3, 0x51F6, 0x51F8, 0x51F9, 0x51FA, 0x51FB, 0x51FD, 0x51FF, 0x5200, 0x5201, 0x5203, 0x5206,
	0x5207, 0x520A, 0x5211, 0x5212, 0x5217, 0x5218, 0x5219, 0x521A, 0x521B, 0x521D, 0x5220, 0x5224, 0x5228, 0x5229, 0x522B, 0x522E,
	0x5230, 0x5236, 0x5237, 0x5238, 0x5239, 0x523A, 0x523B, 0x5242, 0x5243, 0x524A, 0x524D, 0x5251, 0x5254, 0x5256, 0x5265, 0x5267,
	0x5269, 0x526A, 0x526F, 0x5272, 0x527F, 0x5288, 0x529B, 0x529D, 0x529E, 0x529F, 0x52A0, 0x52A1, 0x52A3, 0x52A8, 0x52A9, 0x52AA,
	0x52AB, 0x52B1, 0x52B2, 0x52B3, 0x52BF, 0x52C3, 0x52C7, 0x52C9, 0x52CB, 0x52D2, 0x52D8, 0x52DF, 0x52E4, 0x52FA, 0x52FE, 0x52FF,
	0x5300, 0x5305, 0x5306, 0x5308, 0x5315, 0x5316, 0x5317, 0x5319, 0x5320, 0x5323, 0x532A, 0x5339, 0x533A, 0x533B, 0x533E, 0x533F,
	0x5341, 0x5343, 0x5347, 0x5348, 0x5349, 0x534A, 0x534E, 0x534F, 0x5351, 0x5352, 0x5353, 0x5355, 0x5356, 0x5357, 0x535A, 0x535C,
	0x5360, 0x5361, 0x5362, 0x5364, 0x5366, 0x5367, 0x536B, 0x536F, 0x5370, 0x5371, 0x5373, 0x5374, 0x5375, 0x5377, 0x5378, 0x537F,
	0x5382, 0x5385, 0x5386, 0x5389, 0x538B, 0x538C, 0x5395, 0x5398, 0x539A, 0x539F, 0x53A2, 0x53A6, 0x53A8, 0x53BB, 0x53BF, 0x53C1,
	0x53C2, 0x53C8, 0x53C9, 0x53CA, 0x53CB, 0x53CC, 0x53CD, 0x53D1, 0x53D4, 0x53D6, 0x53D7, 0x53D8, 0x53D9, 0x53DB, 0x53E0, 0x53E3,
	0x53E4, 0x53E5, 0x53E6, 0x53E8, 0x53E9, 0x53EA, 0x53EB, 0x53EC, 0x53ED, 0x53EE, 0x53EF, 0x53F0, 0x53F2, 0x53F3, 0x53F6, 0x53F7,
	0x53F8, 0x53F9, 0x53FC, 0x53FD, 0x5401, 0x5403, 0x5404, 0x5406, 0x5408, 0x5409, 0x540A, 0x540C, 0x540D, 0x540E, 0x540F, 0x5410,
	0x5411, 0x5413, 0x5415, 0x5417, 0x541B, 0x541D, 0x541E, 0x541F, 0x5420, 0x5426, 0x5427, 0x5428, 0x5429, 0x542B, 0x542C, 0x542D,
	0x542E, 0x542F, 0x5431, 0x5434, 0x5435, 0x5438, 0x5439, 0x543B, 0x543C, 0x543E, 0x5440, 0x5446, 0x5448, 0x544A, 0x5450, 0x5455,
	0x5458, 0x545B, 0x545C, 0x5462, 0x5468, 0x5473, 0x5475, 0x547B, 0x547C, 0x547D, 0x5484, 0x548B, 0x548C, 0x548F, 0x5490, 0x5492,
	0x5495, 0x5496, 0x5499, 0x54A7, 0x54A8, 0x54AA, 0x54AC, 0x54B1, 0x54B3, 0x54B8, 0x54BD, 0x54C0, 0x54C1, 0x54C4, 0x54C6, 0x54C7,
	0x54C8, 0x54C9, 0x54CD, 0x54CE, 0x54D1, 0x54D7, 0x54DF, 0x54E5, 0x54E6, 0x54E8, 0x54E9, 0x54EA, 0x54ED, 0x54EE, 0x54F2, 0x54FA,
	0x54FC, 0x5501, 0x5506, 0x5507, 0x5509, 0x5510, 0x5520, 0x5524, 0x5527, 0x552C, 0x552E, 0x552F, 0x5531, 0x553E, 0x5543, 0x5544,
	0x5546, 0x554A, 0x5561, 0x5564, 0x5565, 0x5566, 0x556A, 0x5570, 0x5578, 0x557C, 0x5582, 0x5584, 0x5587, 0x5589, 0x558A, 0x5598,
	0x559C, 0x559D, 0x55A7, 0x55B3, 0x55B7, 0x55BB, 0x55C5, 0x55D3, 0x55DC, 0x55E1, 0x55E6, 0x55FD, 0x5600, 0x5609, 0x561B, 0x5631,
	0x5632, 0x5634, 0x5636, 0x5639, 0x563B, 0x563F, 0x5668, 0x5669, 0x566A, 0x568E, 0x56A3, 0x56B7, 0x56BC, 0x56CA, 0x56DA, 0x56DB,
	0x56DE, 0x56E0, 0x56E2, 0x56E4, 0x56ED, 0x56F0, 0x56F1, 0x56F4, 0x56FA, 0x56FD, 0x56FE, 0x5703, 0x5706, 0x5708, 0x571F, 0x5723,
	0x5728, 0x5730, 0x573A, 0x573E, 0x5740, 0x5747, 0x574A, 0x574E, 0x574F, 0x5750, 0x5751, 0x5757, 0x575A, 0x575B, 0x575D, 0x575F,
	0x5760, 0x5761, 0x5764, 0x5766, 0x576A, 0x576F, 0x5777, 0x5782, 0x5783, 0x5784, 0x578B, 0x5792, 0x579B, 0x57A2, 0x57A6, 0x57AB,
	0x57AE, 0x57C2, 0x57C3, 0x57CB, 0x57CE, 0x57DF, 0x57E0, 0x57F9, 0x57FA, 0x5802, 0x5806, 0x5815, 0x5821, 0x5824, 0x582A, 0x5830,
	0x5835, 0x584C, 0x5851, 0x5854, 0x5858, 0x585E, 0x586B, 0x5883, 0x5885, 0x5893, 0x5899, 0x589E, 0x589F, 0x58A8, 0x58A9, 0x58C1,
	0x58E4, 0x58EB, 0x58EC, 0x58EE, 0x58F0, 0x58F3, 0x58F6, 0x58F9, 0x5904, 0x5907, 0x590D, 0x590F, 0x5915, 0x5916, 0x591A, 0x591C,
	0x591F, 0x5927, 0x5929, 0x592A, 0x592B, 0x592D, 0x592E, 0x592F, 0x5931, 0x5934, 0x5937, 0x5938, 0x5939, 0x593A, 0x5947, 0x5948,
	0x5949, 0x594B, 0x594F, 0x5951, 0x5954, 0x5956, 0x5957, 0x5960, 0x5962, 0x5965, 0x5973, 0x5974, 0x5976, 0x5978, 0x5979, 0x597D,
	0x5982, 0x5983, 0x5984, 0x5986, 0x5987, 0x5988, 0x5992, 0x5993, 0x5996, 0x5999, 0x59A5, 0x59A8, 0x59AE, 0x59B9, 0x59BB, 0x59C6,
	0x59CA, 0x59CB, 0x59D0, 0x59D1, 0x59D3, 0x59D4, 0x59DA, 0x59DC, 0x59E5, 0x59E8, 0x59FB, 0x59FF, 0x5A01, 0x5A03, 0x5A04, 0x5A07,
	0x5A18, 0x5A1C, 0x5A1F, 0x5A25, 0x5A31, 0x5A36, 0x5A46, 0x5A49, 0x5A5A, 0x5A6A, 0x5A74, 0x5A76, 0x5A7F, 0x5A92, 0x5A9A, 0x5AB3,
	0x5AC1, 0x5AC2, 0x5AC9, 0x5ACC, 0x5AE9, 0x5B50, 0x5B54, 0x5B55, 0x5B57, 0x5B58, 0x5B59, 0x5B5D, 0x5B5F, 0x5B63, 0x5B64, 0x5B66,
	0x5B69, 0x5B75, 0x5B7D, 0x5B81, 0x5B83, 0x5B85, 0x5B87, 0x5B88, 0x5B89, 0x5B8B, 0x5B8C, 0x5B8F, 0x5B97, 0x5B98, 0x5B99, 0x5B9A,
	0x5B9B, 0x5B9C, 0x5B9D, 0x5B9E, 0x5BA0, 0x5BA1, 0x5BA2, 0x5BA3, 0x5BA4, 0x5BA6, 0x5BAA, 0x5BAB, 0x5BB0, 0x5BB3, 0x5BB4, 0x5BB5,
	0x5BB6, 0x5BB9, 0x5BBD, 0x5BBE, 0x5BBF, 0x5BC2, 0x5BC4, 0x5BC5, 0x5BC6, 0x5BC7, 0x5BCC, 0x5BD2, 0x5BD3, 0x5BDD, 0x5BDE, 0x5BDF,
	0x5BE1, 0x5BE5, 0x5BE8, 0x5BF8, 0x5BF9, 0x5BFA, 0x5BFB, 0x5BFC, 0x5BFF, 0x5C01, 0x5C04, 0x5C06, 0x5C09, 0x5C0A, 0x5C0F, 0x5C11,
	0x5C14, 0x5C16, 0x5C18, 0x5C1A, 0x5C1D, 0x5C24, 0x5C27, 0x5C2C, 0x5C31, 0x5C34, 0x5C38, 0x5C3A, 0x5C3C, 0x5C3D, 0x5C3E, 0x5C3F,
	0x5C40, 0x5C41, 0x5C42, 0x5C45, 0x5C48, 0x5C49, 0x5C4A, 0x5C4B, 0x5C4E, 0x5C4F, 0x5C51, 0x5C55, 0x5C5E, 0x5C60, 0x5C61, 0x5C65,
	0x5C6F, 0x5C71, 0x5C79, 0x5C7F, 0x5C81, 0x5C82, 0x5C94, 0x5C96, 0x5C97, 0x5C9B, 0x5CA9, 0x5CAD, 0x5CB3, 0x5CB8, 0x5CE1, 0x5CE6,
	0x5CE8, 0x5CED, 0x5CF0, 0x5CFB, 0x5D07, 0x5D0E, 0x5D14, 0x5D16, 0x5D1B, 0x5D29, 0x5D2D, 0x5D4C, 0x5DC5, 0x5DCD, 0x5DDD, 0x5DDE,
	0x5DE1, 0x5DE2, 0x5DE5, 0x5DE6, 0x5DE7, 0x5DE8, 0x5DE9, 0x5DEB, 0x5DEE, 0x5DF1, 0x5DF2, 0x5DF3, 0x5DF4, 0x5DF7, 0x5DFE, 0x5E01,
	0x5E02, 0x5E03, 0x5E05, 0x5E06, 0x5E08, 0x5E0C, 0x5E10, 0x5E15, 0x5E16, 0x5E18, 0x5E1A, 0x5E1C, 0x5E1D, 0x5E26, 0x5E2D, 0x5E2E,
	0x5E37, 0x5E38, 0x5E3D, 0x5E45, 0x5E4C, 0x5E55, 0x5E62, 0x5E72, 0x5E73, 0x5E74, 0x5E76, 0x5E78, 0x5E7B, 0x5E7C, 0x5E7D, 0x5E7F,
	0x5E84, 0x5E86, 0x5E87, 0x5E8A, 0x5E8F, 0x5E90, 0x5E93, 0x5E94, 0x5E95, 0x5E97, 0x5E99, 0x5E9A, 0x5E9C, 0x5E9E, 0x5E9F, 0x5EA6,
	0x5EA7, 0x5EAD, 0x5EB5, 0x5EB6, 0x5EB7, 0x5EB8, 0x5EC9, 0x5ECA, 0x5ED3, 0x5EF6, 0x5EF7, 0x5EFA, 0x5F00, 0x5F02, 0x5F03, 0x5F04,
	0x5F0A, 0x5F0F, 0x5F13, 0x5F15, 0x5F17, 0x5F18, 0x5F1B, 0x5F1F, 0x5F20, 0x5F25, 0x5F26, 0x5F27, 0x5F2F, 0x5F31, 0x5F39, 0x5F3A,
	0x5F52, 0x5F53, 0x5F55, 0x5F62, 0x5F64, 0x5F69, 0x5F6A, 0x5F6C, 0x5F6D, 0x5F70, 0x5F71, 0x5F79, 0x5F7B, 0x5F7C, 0x5F80, 0x5F81,
	0x5F84, 0x5F85, 0x5F88, 0x5F8A, 0x5F8B, 0x5F90, 0x5F92, 0x5F97, 0x5F98, 0x5F99, 0x5FA1, 0x5FAA, 0x5FAE, 0x5FB7, 0x5FBD, 0x5FC3,
	0x5FC5, 0x5FC6, 0x5FCC, 0x5FCD, 0x5FD7, 0x5FD8, 0x5FD9, 0x5FE0, 0x5FE7, 0x5FEB, 0x5FF1, 0x5FF5, 0x5FFD, 0x5FFF, 0x6000, 0x6001,
	0x600E, 0x6012, 0x6014, 0x6015, 0x6016, 0x601C, 0x601D, 0x6020, 0x6021, 0x6025, 0x6027, 0x6028, 0x602A, 0x602F, 0x603B, 0x6043,
	0x604B, 0x604D, 0x6050, 0x6052, 0x6055, 0x6062, 0x6064, 0x6068, 0x6069, 0x606C, 0x606D, 0x606F, 0x6070, 0x6073, 0x6076, 0x607C,
	0x6084, 0x6089, 0x608D, 0x6094, 0x6096, 0x609F, 0x60A0, 0x60A3, 0x60A6, 0x60A8, 0x60AC, 0x60AF, 0x60B2, 0x60B4, 0x60BC, 0x60C5,
	0x60CA, 0x60CB, 0x60D1, 0x60D5, 0x60DC, 0x60DF, 0x60E0, 0x60E6, 0x60E7, 0x60E8, 0x60E9, 0x60EB, 0x60ED, 0x60EF, 0x60F0, 0x60F3,
	0x60F6, 0x60F9, 0x6101, 0x6108, 0x6109, 0x610F, 0x6115, 0x611A, 0x611F, 0x6123, 0x6124, 0x6127, 0x613F, 0x6148, 0x614C, 0x614E,
	0x6155, 0x6162, 0x6167, 0x6168, 0x6170, 0x6177, 0x618B, 0x618E, 0x6194, 0x61A8, 0x61BE, 0x61C2, 0x61C8, 0x61CA, 0x61D2, 0x61E6,
	0x6208, 0x620A, 0x620C, 0x620E, 0x620F, 0x6210, 0x6211, 0x6212, 0x6216, 0x6218, 0x621A, 0x622A, 0x6233, 0x6234, 0x6237, 0x623F,
	0x6240, 0x6241, 0x6247, 0x624B, 0x624D, 0x624E, 0x6251, 0x6252, 0x6253, 0x6254, 0x6258, 0x625B, 0x6263, 0x6267, 0x6269, 0x626B,
	0x626C, 0x626D, 0x626E, 0x626F, 0x6270, 0x6273, 0x6276, 0x6279, 0x627C, 0x627E, 0x627F, 0x6280, 0x6284, 0x628A, 0x6291, 0x6292,
	0x6293, 0x6295, 0x6296, 0x6297, 0x6298, 0x629A, 0x629B, 0x62A0, 0x62A1, 0x62A2, 0x62A4, 0x62A5, 0x62AB, 0x62AC, 0x62B1, 0x62B5,
	0x62B9, 0x62BC, 0x62BD, 0x62C2, 0x62C4, 0x62C5, 0x62C6, 0x62C7, 0x62C9, 0x62CC, 0x62CD, 0x62CE, 0x62D0, 0x62D2, 0x62D3, 0x62D4,
	0x62D6, 0x62D7, 0x62D8, 0x62D9, 0x62DB, 0x62DC, 0x62DF, 0x62E2, 0x62E3, 0x62E5, 0x62E6, 0x62E7, 0x62E8, 0x62E9, 0x62EC, 0x62ED,
	0x62EF, 0x62F1, 0x62F3, 0x62F4, 0x62F7, 0x62FC, 0x62FD, 0x62FE, 0x62FF, 0x6301, 0x6302, 0x6307, 0x6309, 0x630E, 0x6311, 0x6316,
	0x631A, 0x631F, 0x6320, 0x6321, 0x6323, 0x6324, 0x6325, 0x6328, 0x632A, 0x632B, 0x632F, 0x633A, 0x633D, 0x6342, 0x6345, 0x6346,
	0x6349, 0x634C, 0x634D, 0x634E, 0x634F, 0x6350, 0x6355, 0x635E, 0x635F, 0x6361, 0x6362, 0x6363, 0x6367, 0x636E, 0x6376, 0x6377,
	0x637A, 0x637B, 0x6380, 0x6382, 0x6388, 0x6389, 0x638C, 0x638F, 0x6390, 0x6392, 0x6398, 0x63A0, 0x63A2, 0x63A5, 0x63A7, 0x63A8,
	0x63A9, 0x63AA, 0x63B0, 0x63B7, 0x63BA, 0x63C9, 0x63CD, 0x63CF, 0x63D0, 0x63D2, 0x63E1, 0x63E3, 0x63E9, 0x63EA, 0x63ED, 0x63F4,
	0x63FD, 0x6400, 0x6401, 0x6402, 0x6405, 0x640F, 0x6413, 0x6414, 0x641C, 0x641E, 0x642C, 0x642D, 0x643A, 0x6444, 0x6446, 0x6447,
	0x644A, 0x6454, 0x6458, 0x6467, 0x6469, 0x6478, 0x6479, 0x6487, 0x6491, 0x6492, 0x6495, 0x649E, 0x64A4, 0x64A9, 0x64AC, 0x64AD,
	0x64AE, 0x64B0, 0x64B5, 0x64BC, 0x64C2, 0x64C5, 0x64CD, 0x64CE, 0x64D2, 0x64E6, 0x6500, 0x652F, 0x6536, 0x6539, 0x653B, 0x653E,
	0x653F, 0x6545, 0x6548, 0x654C, 0x654F, 0x6551, 0x6559, 0x655B, 0x655E, 0x6562, 0x6563, 0x6566, 0x656C, 0x6570, 0x6572, 0x6574,
	0x6577, 0x6587, 0x658B, 0x658C, 0x6591, 0x6597, 0x6599, 0x659C, 0x659F, 0x65A4, 0x65A5, 0x65A7, 0x65A9, 0x65AD, 0x65AF, 0x65B0,
	0x65B9, 0x65BD, 0x65C1, 0x65C5, 0x65CB, 0x65CF, 0x65D7, 0x65E0, 0x65E2, 0x65E5, 0x65E6, 0x65E7, 0x65E8, 0x65E9, 0x65EC, 0x65ED,
	0x65F1, 0x65F6, 0x65F7, 0x65FA, 0x6602, 0x6606, 0x660C, 0x660E, 0x660F, 0x6613, 0x6614, 0x661F, 0x6620, 0x6625, 0x6627, 0x6628,
	0x662D, 0x662F, 0x663C, 0x663E, 0x6643, 0x664B, 0x664C, 0x6652, 0x6653, 0x6655, 0x665A, 0x6666, 0x6668, 0x666E, 0x666F, 0x6670,
	0x6674, 0x6676, 0x667A, 0x667E, 0x6682, 0x6687, 0x6691, 0x6696, 0x6697, 0x66AE, 0x66B4, 0x66D9, 0x66DD, 0x66F0, 0x66F2, 0x66F4,
	0x66F9, 0x66FC, 0x66FE, 0x66FF, 0x6700, 0x6708, 0x6709, 0x670B, 0x670D, 0x6717, 0x671B, 0x671D, 0x671F, 0x6726, 0x6728, 0x672A,
	0x672B, 0x672C, 0x672F, 0x6731, 0x6734, 0x6735, 0x673A, 0x673D, 0x6740, 0x6742, 0x6743, 0x6746, 0x6749, 0x674E, 0x674F, 0x6750,
	0x6751, 0x6756, 0x675C, 0x675F, 0x6760, 0x6761, 0x6765, 0x6768, 0x676D, 0x676F, 0x6770, 0x677E, 0x677F, 0x6781, 0x6784, 0x6789,
	0x6790, 0x6795, 0x6797, 0x679A, 0x679C, 0x679D, 0x67A2, 0x67A3, 0x67AA, 0x67AB, 0x67AF, 0x67B6, 0x67C4, 0x67CF, 0x67D0, 0x67D1,
	0x67D2, 0x67D3, 0x67D4, 0x67DC, 0x67E0, 0x67E5, 0x67EC, 0x67F1, 0x67F3, 0x67F4, 0x67FF, 0x6805, 0x6807, 0x6808, 0x680B, 0x680F,
	0x6811, 0x6813, 0x6816, 0x6817, 0x6821, 0x682A, 0x6837, 0x6838, 0x6839, 0x683C, 0x683D, 0x6842, 0x6843, 0x6846, 0x6848, 0x684C,
	0x6850, 0x6851, 0x6854, 0x6863, 0x6865, 0x6866, 0x6868, 0x6869, 0x6876, 0x6881, 0x6885, 0x6886, 0x6897, 0x68A2, 0x68A6, 0x68A7,
	0x68A8, 0x68AD, 0x68AF, 0x68B0, 0x68B3, 0x68C0, 0x68C9, 0x68CB, 0x68CD, 0x68D2, 0x68D5, 0x68D8, 0x68DA, 0x68E0, 0x68EE, 0x68F1,
	0x68F5, 0x68FA, 0x6905, 0x690D, 0x690E, 0x6912, 0x692D, 0x6930, 0x693F, 0x695A, 0x6977, 0x697C, 0x6982, 0x6984, 0x6986, 0x6994,
	0x6995, 0x699C, 0x69A8, 0x69B4, 0x69D0, 0x69DB, 0x69FD, 0x6A1F, 0x6A21, 0x6A2A, 0x6A31, 0x6A44, 0x6A58, 0x6A59, 0x6A61, 0x6A71,
	0x6A80, 0x6A90, 0x6AAC, 0x6B20, 0x6B21, 0x6B22, 0x6B23, 0x6B27, 0x6B32, 0x6B3A, 0x6B3E, 0x6B47, 0x6B49, 0x6B4C, 0x6B62, 0x6B63,
	0x6B64, 0x6B65, 0x6B66, 0x6B67, 0x6B6A, 0x6B79, 0x6B7B, 0x6B7C, 0x6B83, 0x6B89, 0x6B8A, 0x6B8B, 0x6B96, 0x6BB4, 0x6BB5, 0x6BB7,
	0x6BBF, 0x6BC1, 0x6BC5, 0x6BCD, 0x6BCF, 0x6BD2, 0x6BD4, 0x6BD5, 0x6BD9, 0x6BDB, 0x6BE1, 0x6BEB, 0x6BEF, 0x6C0F, 0x6C11, 0x6C13,
	0x6C14, 0x6C1B, 0x6C22, 0x6C27, 0x6C28, 0x6C2E, 0x6C2F, 0x6C34, 0x6C38, 0x6C41, 0x6C42, 0x6C47, 0x6C49, 0x6C57, 0x6C5B, 0x6C5D,
	0x6C5E, 0x6C5F, 0x6C60, 0x6C61, 0x6C64, 0x6C6A, 0x6C70, 0x6C79, 0x6C7D, 0x6C81, 0x6C83, 0x6C88, 0x6C89, 0x6C90, 0x6C99, 0x6C9B,
	0x6C9F, 0x6CA1, 0x6CA5, 0x6CA6, 0x6CA7, 0x6CAA, 0x6CAB, 0x6CAE, 0x6CB3, 0x6CB8, 0x6CB9, 0x6CBB, 0x6CBC, 0x6CBD, 0x6CBE, 0x6CBF,
	0x6CC4, 0x6CC9, 0x6CCA, 0x6CCC, 0x6CD5, 0x6CDB, 0x6CDE, 0x6CE1, 0x6CE2, 0x6CE3, 0x6CE5, 0x6CE8, 0x6CEA, 0x6CF0, 0x6CF3, 0x6CF5,
	0x6CFB, 0x6CFC, 0x6CFD, 0x6D01, 0x6D0B, 0x6D12, 0x6D17, 0x6D1B, 0x6D1E, 0x6D25, 0x6D2A, 0x6D32, 0x6D3B, 0x6D3C, 0x6D3D, 0x6D3E,
	0x6D41, 0x6D45, 0x6D46, 0x6D47, 0x6D4A, 0x6D4B, 0x6D4E, 0x6D4F, 0x6D51, 0x6D53, 0x6D59, 0x6D66, 0x6D69, 0x6D6A, 0x6D6E, 0x6D74,
	0x6D77, 0x6D78, 0x6D82, 0x6D88, 0x6D89, 0x6D8C, 0x6D95, 0x6D9B, 0x6D9D, 0x6DA1, 0x6DA3, 0x6DA4, 0x6DA6, 0x6DA7, 0x6DA8, 0x6DA9,
	0x6DAE, 0x6DAF, 0x6DB2, 0x6DB5, 0x6DC0, 0x6DC6, 0x6DCB, 0x6DCC, 0x6DD1, 0x6DD8, 0x6DE1, 0x6DE4, 0x6DEB, 0x6DEE, 0x6DF1, 0x6DF3,
	0x6DF7, 0x6DF9, 0x6DFB, 0x6E05, 0x6E0A, 0x6E10, 0x6E14, 0x6E17, 0x6E1D, 0x6E20, 0x6E21, 0x6E23, 0x6E24, 0x6E29, 0x6E2F, 0x6E32,
	0x6E34, 0x6E38, 0x6E3A, 0x6E43, 0x6E56, 0x6E58, 0x6E7E, 0x6E7F, 0x6E83, 0x6E85, 0x6E89, 0x6E90, 0x6E9C, 0x6EA2, 0x6EAA, 0x6EAF,
	0x6EB6, 0x6EBA, 0x6EC7, 0x6ECB, 0x6ED1, 0x6ED4, 0x6EDA, 0x6EDE, 0x6EE1, 0x6EE4, 0x6EE5, 0x6EE8, 0x6EE9, 0x6EF4, 0x6F02, 0x6F06,
	0x6F0F, 0x6F13, 0x6F14, 0x6F20, 0x6F2B, 0x6F31, 0x6F3E, 0x6F47, 0x6F58, 0x6F5C, 0x6F6D, 0x6F6E, 0x6F84, 0x6F88, 0x6F8E, 0x6F9C,
	0x6FA1, 0x6FB3, 0x6FC0, 0x6FD2, 0x7011, 0x704C, 0x706B, 0x706D, 0x706F, 0x7070, 0x7075, 0x7076, 0x7078, 0x707C, 0x707E, 0x707F,
	0x7089, 0x708A, 0x708E, 0x7092, 0x7095, 0x70AB, 0x70AC, 0x70AD, 0x70AE, 0x70B8, 0x70B9, 0x70BC, 0x70C1, 0x70C2, 0x70C8, 0x70D8,
	0x70D9, 0x70DB, 0x70DF, 0x70E4, 0x70E6, 0x70E7, 0x70EB, 0x70ED, 0x70F9, 0x7109, 0x710A, 0x7115, 0x711A, 0x7126, 0x7130, 0x7136,
	0x714C, 0x714E, 0x715E, 0x7164, 0x7167, 0x716E, 0x717D, 0x7184, 0x718A, 0x718F, 0x7194, 0x7199, 0x719F, 0x71AC, 0x71C3, 0x71D5,
	0x71E5, 0x7206, 0x722A, 0x722C, 0x7231, 0x7235, 0x7236, 0x7237, 0x7238, 0x7239, 0x723D, 0x7247, 0x7248, 0x724C, 0x7259, 0x725B,
	0x7261, 0x7262, 0x7267, 0x7269, 0x7272, 0x7275, 0x7279, 0x727A, 0x7280, 0x7281, 0x72AC, 0x72AF, 0x72B6, 0x72B9, 0x72C2, 0x72C8,
	0x72D0, 0x72D7, 0x72DE, 0x72E0, 0x72E1, 0x72EC, 0x72ED, 0x72EE, 0x72F0, 0x72F1, 0x72F8, 0x72FC, 0x730E, 0x7316, 0x731B, 0x731C,
	0x7329, 0x732A, 0x732B, 0x732C, 0x732E, 0x7334, 0x733E, 0x733F, 0x7384, 0x7387, 0x7389, 0x738B, 0x7396, 0x739B, 0x73A9, 0x73AB,
	0x73AF, 0x73B0, 0x73B2, 0x73B7, 0x73BB, 0x73CA, 0x73CD, 0x73E0, 0x73ED, 0x7403, 0x7405, 0x7406, 0x7409, 0x7410, 0x7422, 0x7433,
	0x7434, 0x743C, 0x7459, 0x745E, 0x745F, 0x7470, 0x7483, 0x74A7, 0x74DC, 0x74E2, 0x74E3, 0x74E4, 0x74E6, 0x74F6, 0x74F7, 0x7518,
	0x751A, 0x751C, 0x751F, 0x7525, 0x7528, 0x7529, 0x752B, 0x7530, 0x7531, 0x7532, 0x7533, 0x7535, 0x7537, 0x7538, 0x753B, 0x7545,
	0x754C, 0x754F, 0x7554, 0x7559, 0x755C, 0x7565, 0x756A, 0x7574, 0x7578, 0x7586, 0x758F, 0x7591, 0x7597, 0x7599, 0x759A, 0x759F,
	0x75A4, 0x75AB, 0x75AE, 0x75AF, 0x75B2, 0x75B9, 0x75BC, 0x75BE, 0x75C5, 0x75C7, 0x75CA, 0x75D2, 0x75D5, 0x75D8, 0x75DB, 0x75E2,
	0x75EA, 0x75F0, 0x75F4, 0x75F9, 0x761F, 0x7624, 0x7626, 0x7629, 0x762A, 0x762B, 0x7638, 0x763E, 0x764C, 0x7663, 0x7678, 0x767B,
	0x767D, 0x767E, 0x7682, 0x7684, 0x7686, 0x7687, 0x7693, 0x7696, 0x76AE, 0x76B1, 0x76BF, 0x76C6, 0x76C8, 0x76CA, 0x76CF, 0x76D0,
	0x76D1, 0x76D2, 0x76D4, 0x76D6, 0x76D7, 0x76D8, 0x76DB, 0x76DF, 0x76EE, 0x76EF, 0x76F2, 0x76F4, 0x76F8, 0x76F9, 0x76FC, 0x76FE,
	0x7701, 0x7709, 0x770B, 0x771F, 0x7720, 0x7728, 0x772F, 0x7736, 0x7737, 0x773C, 0x7740, 0x7741, 0x7750, 0x775B, 0x7761, 0x7763,
	0x7766, 0x776B, 0x776C, 0x7779, 0x7784, 0x7785, 0x778E, 0x7792, 0x77A7, 0x77A9, 0x77AA, 0x77AC, 0x77AD, 0x77B3, 0x77BB, 0x77D7,
	0x77DB, 0x77E2, 0x77E3, 0x77E5, 0x77E9, 0x77EB, 0x77ED, 0x77EE, 0x77F3, 0x77FE, 0x77FF, 0x7801, 0x7802, 0x780C, 0x780D, 0x7814,
	0x7816, 0x781A, 0x7830, 0x7834, 0x7838, 0x783E, 0x7840, 0x7845, 0x7855, 0x785D, 0x786B, 0x786C, 0x786E, 0x788C, 0x788D, 0x788E,
	0x7891, 0x7897, 0x7898, 0x789F, 0x78A7, 0x78B0, 0x78B1, 0x78B3, 0x78BE, 0x78C1, 0x78C5, 0x78CA, 0x78D5, 0x78E8, 0x78F7, 0x7901,
	0x793A, 0x793C, 0x793E, 0x7940, 0x7948, 0x7956, 0x795D, 0x795E, 0x795F, 0x7960, 0x7965, 0x7968, 0x796D, 0x7977, 0x7978, 0x7980,
	0x7981, 0x7984, 0x7985, 0x798F, 0x79B9, 0x79BB, 0x79BD, 0x79BE, 0x79C0, 0x79C1, 0x79C3, 0x79C6, 0x79C9, 0x79CB, 0x79CD, 0x79D1,
	0x79D2, 0x79D8, 0x79DF, 0x79E4, 0x79E6, 0x79E7, 0x79E9, 0x79EF, 0x79F0, 0x79F8, 0x79FB, 0x79FD, 0x7A00, 0x7A0B, 0x7A0D, 0x7A0E,
	0x7A1A, 0x7A20, 0x7A33, 0x7A3B, 0x7A3C, 0x7A3D, 0x7A3F, 0x7A46, 0x7A57, 0x7A74, 0x7A76, 0x7A77, 0x7A7A, 0x7A7F, 0x7A81, 0x7A83,
	0x7A84, 0x7A8D, 0x7A91, 0x7A92, 0x7A96, 0x7A97, 0x7A98, 0x7A9C, 0x7A9D, 0x7A9F, 0x7AA5, 0x7ABF, 0x7ACB, 0x7AD6, 0x7AD9, 0x7ADE,
	0x7ADF, 0x7AE0, 0x7AE3, 0x7AE5, 0x7AED, 0x7AEF, 0x7AF9, 0x7AFF, 0x7B0B, 0x7B11, 0x7B14, 0x7B19, 0x7B1B, 0x7B26, 0x7B28, 0x7B2C,
	0x7B3C, 0x7B49, 0x7B4B, 0x7B4F, 0x7B50, 0x7B51, 0x7B52, 0x7B54, 0x7B56, 0x7B5B, 0x7B5D, 0x7B77, 0x7B79, 0x7B7E, 0x7B80, 0x7B95,
	0x7B97, 0x7BA1, 0x7BA9, 0x7BAB, 0x7BAD, 0x7BB1, 0x7BC7, 0x7BD3, 0x7BE1, 0x7BEE, 0x7BF1, 0x7BF7, 0x7C07, 0x7C27, 0x7C38, 0x7C3F,
	0x7C4D, 0x7C73, 0x7C7B, 0x7C7D, 0x7C89, 0x7C92, 0x7C97, 0x7C98, 0x7C9F, 0x7CA4, 0x7CA5, 0x7CAA, 0x7CAE, 0x7CB1, 0x7CB9, 0x7CBE,
	0x7CCA, 0x7CD5, 0x7CD6, 0x7CD9, 0x7CDF, 0x7CE0, 0x7CEF, 0x7CFB, 0x7D0A, 0x7D20, 0x7D22, 0x7D27, 0x7D2B, 0x7D2F, 0x7D6E, 0x7E41,
	0x7EA0, 0x7EA2, 0x7EA4, 0x7EA6, 0x7EA7, 0x7EAA, 0x7EAB, 0x7EAC, 0x7EAF, 0x7EB1, 0x7EB2, 0x7EB3, 0x7EB5, 0x7EB7, 0x7EB8, 0x7EB9,
	0x7EBA, 0x7EBD, 0x7EBF, 0x7EC3, 0x7EC4, 0x7EC5, 0x7EC6, 0x7EC7, 0x7EC8, 0x7ECA, 0x7ECD, 0x7ECE, 0x7ECF, 0x7ED1, 0x7ED2, 0x7ED3,
	0x7ED5, 0x7ED8, 0x7ED9, 0x7EDA, 0x7EDC, 0x7EDD, 0x7EDE, 0x7EDF, 0x7EE2, 0x7EE3, 0x7EE7, 0x7EE9, 0x7EEA, 0x7EED, 0x7EF0, 0x7EF3,
	0x7EF4, 0x7EF5, 0x7EF7, 0x7EF8, 0x7EFC, 0x7EFD, 0x7EFF, 0x7F00, 0x7F05, 0x7F06, 0x7F09, 0x7F0E, 0x7F13, 0x7F14, 0x7F15, 0x7F16,
	0x7F18, 0x7F1A, 0x7F1D, 0x7F20, 0x7F24, 0x7F29, 0x7F2D, 0x7F30, 0x7F34, 0x7F38, 0x7F3A, 0x7F50, 0x7F51, 0x7F55, 0x7F57, 0x7F5A,
	0x7F62, 0x7F69, 0x7F6A, 0x7F6E, 0x7F72, 0x7F8A, 0x7F8E, 0x7F94, 0x7F9A, 0x7F9E, 0x7FA1, 0x7FA4, 0x7FB9, 0x7FBD, 0x7FC1, 0x7FC5,
	0x7FD4, 0x7FD8, 0x7FE0, 0x7FE9, 0x7FF0, 0x7FFB, 0x7FFC, 0x8000, 0x8001, 0x8003, 0x8005, 0x800C, 0x800D, 0x8010, 0x8015, 0x8017,
	0x8018, 0x8019, 0x8033, 0x8038, 0x803B, 0x803D, 0x803F, 0x8042, 0x8046, 0x804A, 0x804B, 0x804C, 0x8054, 0x8058, 0x805A, 0x806A,
	0x8083, 0x8086, 0x8087, 0x8089, 0x808B, 0x808C, 0x8096, 0x8098, 0x809A, 0x809B, 0x809D, 0x80A0, 0x80A1, 0x80A2, 0x80A4, 0x80A5,
	0x80A9, 0x80AA, 0x80AE, 0x80AF, 0x80B2, 0x80B4, 0x80BA, 0x80BE, 0x80BF, 0x80C0, 0x80C1, 0x80C3, 0x80C6, 0x80CC, 0x80CE, 0x80D6,
	0x80DA, 0x80DC, 0x80DE, 0x80E1, 0x80E7, 0x80F0, 0x80F3, 0x80F6, 0x80F8, 0x80FD, 0x8102, 0x8106, 0x8109, 0x810A, 0x810F, 0x8110,
	0x8111, 0x8113, 0x8116, 0x811A, 0x812F, 0x8131, 0x8138, 0x813E, 0x814A, 0x814B, 0x8150, 0x8154, 0x8155, 0x8165, 0x816E, 0x8170,
	0x8179, 0x817A, 0x817B, 0x817E, 0x817F, 0x8180, 0x818A, 0x818F, 0x819B, 0x819C, 0x819D, 0x81A8, 0x81C0, 0x81C2, 0x81CA, 0x81E3,
	0x81EA, 0x81ED, 0x81F3, 0x81F4, 0x81FC, 0x8200, 0x8205, 0x8206, 0x820C, 0x820D, 0x8212, 0x8214, 0x821E, 0x821F, 0x822A, 0x822C,
	0x8230, 0x8231, 0x8235, 0x8236, 0x8239, 0x8247, 0x8258, 0x826F, 0x8270, 0x8272, 0x8273, 0x827A, 0x827E, 0x8282, 0x828B, 0x8292,
	0x8299, 0x829C, 0x829D, 0x82A5, 0x82A6, 0x82AC, 0x82AD, 0x82AF, 0x82B1, 0x82B3, 0x82B9, 0x82BD, 0x82C7, 0x82CD, 0x82CF, 0x82D1,
	0x82D4, 0x82D7, 0x82DB, 0x82DE, 0x82DF, 0x82E5, 0x82E6, 0x82F1, 0x82F9, 0x8301, 0x8302, 0x8303, 0x8304, 0x8305, 0x8309, 0x830E,
	0x8327, 0x832B, 0x832C, 0x8335, 0x8336, 0x8338, 0x8346, 0x8349, 0x8350, 0x8352, 0x8354, 0x8361, 0x8363, 0x8364, 0x8367, 0x836B,
	0x836F, 0x8377, 0x8389, 0x83AB, 0x83B1, 0x83B2, 0x83B7, 0x83B9, 0x83BA, 0x83BD, 0x83C7, 0x83CA, 0x83CC, 0x83DC, 0x83E0, 0x83E9,
	0x83F1, 0x83F2, 0x8404, 0x840C, 0x840D, 0x840E, 0x841D, 0x8424, 0x8425, 0x8427, 0x8428, 0x843D, 0x8457, 0x845B, 0x8461, 0x8463,
	0x846B, 0x846C, 0x8471, 0x8475, 0x8482, 0x848B, 0x8499, 0x849C, 0x84B2, 0x84B8, 0x84C4, 0x84C9, 0x84DD, 0x84EC, 0x8511, 0x8513,
	0x8517, 0x851A, 0x8521, 0x852C, 0x853C, 0x853D, 0x8549, 0x854A, 0x8574, 0x857E, 0x8584, 0x8587, 0x859B, 0x85AA, 0x85AF, 0x85C9,
	0x85CF, 0x85D0, 0x85D5, 0x85E4, 0x85FB, 0x8611, 0x864E, 0x864F, 0x8650, 0x8651, 0x865A, 0x866B, 0x8679, 0x867D, 0x867E, 0x8680,
	0x8681, 0x8682, 0x868A, 0x868C, 0x8693, 0x8695, 0x86A3, 0x86A4, 0x86AA, 0x86AF, 0x86C0, 0x86C7, 0x86CB, 0x86D9, 0x86DB, 0x86E4,
	0x86EE, 0x86FE, 0x8700, 0x8702, 0x8708, 0x8712, 0x8713, 0x8715, 0x8717, 0x8718, 0x871C, 0x8721, 0x873B, 0x8747, 0x8749, 0x874C,
	0x874E, 0x8757, 0x8759, 0x8760, 0x8774, 0x8776, 0x8783, 0x878D, 0x87BA, 0x87C0, 0x87C6, 0x87CB, 0x87F9, 0x8815, 0x8822, 0x8840,
	0x8845, 0x884C, 0x884D, 0x8854, 0x8857, 0x8859, 0x8861, 0x8863, 0x8865, 0x8868, 0x886B, 0x886C, 0x8870, 0x8877, 0x8881, 0x8884,
	0x888B, 0x888D, 0x8896, 0x889C, 0x88AB, 0x88AD, 0x88B1, 0x88C1, 0x88C2, 0x88C5, 0x88D5, 0x88D9, 0x88E4, 0x88F3, 0x88F8, 0x88F9,
	0x8902, 0x8910, 0x8912, 0x8925, 0x892A, 0x895F, 0x897F, 0x8981, 0x8986, 0x89C1, 0x89C2, 0x89C4, 0x89C5, 0x89C6, 0x89C8, 0x89C9,
	0x89D2, 0x89E3, 0x89E6, 0x8A00, 0x8A89, 0x8A8A, 0x8A93, 0x8B66, 0x8B6C, 0x8BA1, 0x8BA2, 0x8BA4, 0x8BA5, 0x8BA8, 0x8BA9, 0x8BAD,
	0x8BAE, 0x8BAF, 0x8BB0, 0x8BB2, 0x8BB3, 0x8BB6, 0x8BB8, 0x8BB9, 0x8BBA, 0x8BBC, 0x8BBD, 0x8BBE, 0x8BBF, 0x8BC0, 0x8BC1, 0x8BC4,
	0x8BC6, 0x8BC8, 0x8BC9, 0x8BCA, 0x8BCD, 0x8BD1, 0x8BD5, 0x8BD7, 0x8BDA, 0x8BDD, 0x8BDE, 0x8BE1, 0x8BE2, 0x8BE5, 0x8BE6, 0x8BEB,
	0x8BEC, 0x8BED, 0x8BEF, 0x8BF1, 0x8BF2, 0x8BF4, 0x8BF5, 0x8BF7, 0x8BF8, 0x8BFA, 0x8BFB, 0x8BFD, 0x8BFE, 0x8C01, 0x8C03, 0x8C05,
	0x8C06, 0x8C08, 0x8C0A, 0x8C0B, 0x8C0D, 0x8C0E, 0x8C10, 0x8C13, 0x8C1A, 0x8C1C, 0x8C22, 0x8C23, 0x8C24, 0x8C26, 0x8C28, 0x8C2C,
	0x8C2D, 0x8C31, 0x8C34, 0x8C37, 0x8C41, 0x8C46, 0x8C4C, 0x8C5A, 0x8C61, 0x8C6A, 0x8C6B, 0x8C79, 0x8C7A, 0x8C8C, 0x8D1D, 0x8D1E,
	0x8D1F, 0x8D21, 0x8D22, 0x8D23, 0x8D24, 0x8D25, 0x8D26, 0x8D27, 0x8D28, 0x8D29, 0x8D2A, 0x8D2B, 0x8D2C, 0x8D2D, 0x8D2E, 0x8D2F,
	0x8D30, 0x8D31, 0x8D34, 0x8D35, 0x8D37, 0x8D38, 0x8D39, 0x8D3A, 0x8D3B, 0x8D3C, 0x8D3E, 0x8D3F, 0x8D41, 0x8D42, 0x8D43, 0x8D44,
	0x8D4B, 0x8D4C, 0x8D4E, 0x8D4F, 0x8D50, 0x8D54, 0x8D56, 0x8D58, 0x8D5A, 0x8D5B, 0x8D5E, 0x8D60, 0x8D61, 0x8D62, 0x8D63, 0x8D64,
	0x8D66, 0x8D6B, 0x8D70, 0x8D74, 0x8D75, 0x8D76, 0x8D77, 0x8D81, 0x8D85, 0x8D8A, 0x8D8B, 0x8D9F, 0x8DA3, 0x8DB3, 0x8DB4, 0x8DBE,
	0x8DC3, 0x8DCB, 0x8DCC, 0x8DD1, 0x8DDB, 0x8DDD, 0x8DDF, 0x8DE4, 0x8DE8, 0x8DEA, 0x8DEF, 0x8DF3, 0x8DF5, 0x8DF7, 0x8DFA, 0x8E0A,
	0x8E0F, 0x8E22, 0x8E29, 0x8E2A, 0x8E31, 0x8E42, 0x8E44, 0x8E48, 0x8E4B, 0x8E66, 0x8E6C, 0x8E6D, 0x8E72, 0x8E81, 0x8E8F, 0x8EAB,
	0x8EAC, 0x8EAF, 0x8EB2, 0x8EBA, 0x8F66, 0x8F67, 0x8F68, 0x8F69, 0x8F6C, 0x8F6E, 0x8F6F, 0x8F70, 0x8F74, 0x8F7B, 0x8F7D, 0x8F7F,
	0x8F83, 0x8F85, 0x8F86, 0x8F88, 0x8F89, 0x8F90, 0x8F91, 0x8F93, 0x8F96, 0x8F97, 0x8F99, 0x8F9B, 0x8F9C, 0x8F9E, 0x8F9F, 0x8FA3,
	0x8FA8, 0x8FA9, 0x8FAB, 0x8FB0, 0x8FB1, 0x8FB9, 0x8FBD, 0x8FBE, 0x8FC1, 0x8FC2, 0x8FC4, 0x8FC5, 0x8FC7, 0x8FC8, 0x8FCE, 0x8FD0,
	0x8FD1, 0x8FD4, 0x8FD8, 0x8FD9, 0x8FDB, 0x8FDC, 0x8FDD, 0x8FDE, 0x8FDF, 0x8FE2, 0x8FEA, 0x8FEB, 0x8FED, 0x8FF0, 0x8FF7, 0x8FF9,
	0x8FFD, 0x9000, 0x9001, 0x9002, 0x9003, 0x9006, 0x9009, 0x900A, 0x900F, 0x9010, 0x9012, 0x9014, 0x9017, 0x901A, 0x901B, 0x901D,
	0x901E, 0x901F, 0x9020, 0x9022, 0x902E, 0x9038, 0x903B, 0x903C, 0x903E, 0x9042, 0x9047, 0x904D, 0x904F, 0x9053, 0x9057, 0x9063,
	0x9065, 0x906D, 0x906E, 0x9075, 0x907F, 0x9080, 0x9091, 0x9093, 0x90A3, 0x90A6, 0x90AA, 0x90AE, 0x90BB, 0x90C1, 0x90CA, 0x90CE,
	0x90D1, 0x90E8, 0x90ED, 0x90FD, 0x9102, 0x9119, 0x9149, 0x914C, 0x914D, 0x9152, 0x9157, 0x915D, 0x9163, 0x9165, 0x916A, 0x916C,
	0x9171, 0x9175, 0x9177, 0x9178, 0x917F, 0x9187, 0x9189, 0x918B, 0x9192, 0x91C7, 0x91CA, 0x91CC, 0x91CD, 0x91CE, 0x91CF, 0x91D1,
	0x9274, 0x9488, 0x9489, 0x9493, 0x9499, 0x949D, 0x949E, 0x949F, 0x94A0, 0x94A2, 0x94A5, 0x94A6, 0x94A7, 0x94A9, 0x94AE, 0x94B1,
	0x94B3, 0x94BB, 0x94BE, 0x94C1, 0x94C3, 0x94C5, 0x94D0, 0x94DB, 0x94DC, 0x94DD, 0x94ED, 0x94F2, 0x94F6, 0x94F8, 0x94FA, 0x94FE,
	0x9500, 0x9501, 0x9504, 0x9505, 0x9508, 0x950B, 0x950C, 0x9510, 0x9519, 0x951A, 0x9521, 0x9523, 0x9524, 0x9525, 0x9526, 0x952E,
	0x952F, 0x9530, 0x9539, 0x953B, 0x9540, 0x9547, 0x9550, 0x9551, 0x955C, 0x9570, 0x9576, 0x957F, 0x95E8, 0x95EA, 0x95ED, 0x95EE,
	0x95EF, 0x95F0, 0x95F2, 0x95F4, 0x95F7, 0x95F8, 0x95F9, 0x95FA, 0x95FB, 0x95FD, 0x9600, 0x9601, 0x9605, 0x960E, 0x9610, 0x9614,
	0x961F, 0x9632, 0x9633, 0x9634, 0x9635, 0x9636, 0x963B, 0x963F, 0x9644, 0x9645, 0x9646, 0x9648, 0x964B, 0x964C, 0x964D, 0x9650,
	0x9655, 0x9661, 0x9662, 0x9664, 0x9668, 0x9669, 0x966A, 0x9675, 0x9676, 0x9677, 0x9685, 0x9686, 0x968B, 0x968F, 0x9690, 0x9694,
	0x9698, 0x9699, 0x969C, 0x96A7, 0x96B6, 0x96BE, 0x96C0, 0x96C1, 0x96C4, 0x96C5, 0x96C6, 0x96C7, 0x96CC, 0x96CF, 0x96D5, 0x96E8,
	0x96EA, 0x96F3, 0x96F6, 0x96F7, 0x96F9, 0x96FE, 0x9700, 0x9704, 0x9707, 0x9709, 0x970D, 0x970E, 0x971C, 0x971E, 0x9732, 0x9738,
	0x9739, 0x9752, 0x9756, 0x9759, 0x975E, 0x9760, 0x9761, 0x9762, 0x9769, 0x9774, 0x9776, 0x978B, 0x978D, 0x97A0, 0x97AD, 0x97E7,
	0x97E9, 0x97ED, 0x97F3, 0x97F5, 0x9875, 0x9876, 0x9877, 0x9879, 0x987A, 0x987B, 0x987D, 0x987E, 0x987F, 0x9881, 0x9882, 0x9884,
	0x9885, 0x9886, 0x9887, 0x9888, 0x988A, 0x9891, 0x9893, 0x9896, 0x9897, 0x9898, 0x989C, 0x989D, 0x98A0, 0x98A4, 0x98CE, 0x98D8,
	0x98DE, 0x98DF, 0x9910, 0x9965, 0x996D, 0x996E, 0x9970, 0x9971, 0x9972, 0x9975, 0x9976, 0x997A, 0x997C, 0x997F, 0x9981, 0x9985,
	0x9986, 0x9988, 0x998B, 0x998D, 0x998F, 0x9992, 0x9996, 0x9999, 0x99A8, 0x9A6C, 0x9A6E, 0x9A6F, 0x9A70, 0x9A71, 0x9A73, 0x9A74,
	0x9A76, 0x9A79, 0x9A7B, 0x9A7C, 0x9A7E, 0x9A82, 0x9A84, 0x9A86, 0x9A87, 0x9A8C, 0x9A8F, 0x9A91, 0x9A97, 0x9A9A, 0x9AA1, 0x9AA4,
	0x9AA8, 0x9AD3, 0x9AD8, 0x9B13, 0x9B3C, 0x9B41, 0x9B42, 0x9B44, 0x9B45, 0x9B4F, 0x9B54, 0x9C7C, 0x9C81, 0x9C8D, 0x9C9C, 0x9CA4,
	0x9CA8, 0x9CAB, 0x9CB8, 0x9CC4, 0x9CCD, 0x9CD6, 0x9CDE, 0x9E1F, 0x9E21, 0x9E23, 0x9E25, 0x9E26, 0x9E2D, 0x9E2F, 0x9E33, 0x9E35,
	0x9E3D, 0x9E3F, 0x9E43, 0x9E45, 0x9E49, 0x9E4A, 0x9E4F, 0x9E64, 0x9E66, 0x9E70, 0x9E7F, 0x9EA6, 0x9EBB, 0x9EC4, 0x9ECE, 0x9ED1,
	0x9ED4, 0x9ED8, 0x9EEF, 0x9F0E, 0x9F13, 0x9F20, 0x9F3B, 0x9F50, 0x9F7F, 0x9F84, 0x9F99, 0x9F9F,
];

/// (contour layout hash, real character, index into REFS or 0xFFFF), sorted by hash.
pub static SIGS: [(u32, u16, u16); 3500] = [
	(0x0006D843, 0x7F62, 0xFFFF),
	(0x0012237F, 0x62DC, 0xFFFF),
	(0x0024FD77, 0x559C, 0xFFFF),
	(0x00436950, 0x8377, 0xFFFF),
	(0x0054EDDE, 0x60D1, 0xFFFF),
	(0x007C7700, 0x6EE9, 0xFFFF),
	(0x00A340D3, 0x5435, 0xFFFF),
	(0x00B309A4, 0x5224, 0xFFFF),
	(0x00DA2B6A, 0x5408, 0xFFFF),
	(0x00E6288E, 0x8C6B, 0xFFFF),
	(0x00F474B1, 0x7F8A, 0xFFFF),
	(0x010721A7, 0x5492, 0xFFFF),
	(0x010A36FA, 0x7CCA, 0xFFFF),
	(0x010F8643, 0x732C, 0xFFFF),
	(0x01165052, 0x8D31, 0xFFFF),
	(0x013026EB, 0x5F97, 0xFFFF),
	(0x0154C33E, 0x9E4F, 0xFFFF),
	(0x016F9FD0, 0x6089, 0xFFFF),
	(0x0172D2CD, 0x79C3, 0xFFFF),
	(0x01749963, 0x4E18, 0x007B),
	(0x01749963, 0x53E4, 0x007A),
	(0x0186420C, 0x83B7, 0xFFFF),
	(0x0187A306, 0x631A, 0xFFFF),
	(0x01A73BC4, 0x653B, 0xFFFF),
	(0x01E830E0, 0x5FCD, 0xFFFF),
	(0x01F43A2B, 0x849C, 0xFFFF),
	(0x01F75749, 0x5DDD, 0xFFFF),
	(0x01F84179, 0x732B, 0xFFFF),
	(0x020F4F82, 0x5BC2, 0xFFFF),
	(0x021EB908, 0x706D, 0xFFFF),
	(0x02654CFE, 0x996E, 0xFFFF),
	(0x0267745B, 0x7A33, 0xFFFF),
	(0x029EDDBA, 0x95E8, 0xFFFF),
	(0x02B5BF1E, 0x73AB, 0xFFFF),
	(0x02B655C7, 0x5E8A, 0xFFFF),
	(0x02B73912, 0x4E0D, 0xFFFF),
	(0x02B9D246, 0x5C7F, 0xFFFF),
	(0x02D819D1, 0x8424, 0xFFFF),
	(0x02D8B764, 0x8BDA, 0xFFFF),
	(0x02DC1C07, 0x7405, 0xFFFF),
	(0x02DE62CB, 0x5C97, 0xFFFF),
	(0x02EC5B70, 0x5FEB, 0xFFFF),
	(0x02F8DE29, 0x814B, 0xFFFF),
	(0x0301F903, 0x671B, 0xFFFF),
	(0x0331195A, 0x6CD5, 0xFFFF),
	(0x0359CD2D, 0x52A0, 0xFFFF),
	(0x036CC15A, 0x7EF3, 0xFFFF),
	(0x0379618B, 0x5BC6, 0xFFFF),
	(0x03919FF5, 0x66AE, 0xFFFF),
	(0x03BB94DD, 0x534E, 0xFFFF),
	(0x03DAD52A, 0x5E38, 0xFFFF),
	(0x03F9D8C1, 0x4E5E, 0x003D),
	(0x03F9D8C1, 0x7F38, 0x003C),
	(0x04352103, 0x59FB, 0xFFFF),
	(0x0442A16F, 0x59CB, 0xFFFF),
	(0x04480D7A, 0x86A3, 0xFFFF),
	(0x044DF8B7, 0x8038, 0xFFFF),
	(0x04621592, 0x63E1, 0xFFFF),
	(0x0493E884, 0x6876, 0xFFFF),
	(0x04A8A769, 0x7A0E, 0xFFFF),
	(0x04B99603, 0x77D7, 0xFFFF),
	(0x04BEFF14, 0x60E0, 0xFFFF),
	(0x04DCD637, 0x9A73, 0xFFFF),
	(0x04E5CD0B, 0x70C1, 0xFFFF),
	(0x04E8B251, 0x4F8B, 0xFFFF),
	(0x05231164, 0x840D, 0xFFFF),
	(0x052567DF, 0x64AD, 0xFFFF),
	(0x0533991F, 0x8425, 0xFFFF),
	(0x05449009, 0x585E, 0xFFFF),
	(0x05492175, 0x8760, 0xFFFF),
	(0x054E421B, 0x67E5, 0xFFFF),
	(0x055D8B9C, 0x85FB, 0xFFFF),
	(0x057B0EE3, 0x571F, 0x009A),
	(0x057B0EE3, 0x58EB, 0x0098),
	(0x057B0EE3, 0x5E72, 0x009B),
	(0x057B0EE3, 0x6B62, 0x0099),
	(0x058C5662, 0x9550, 0xFFFF),
	(0x05B5CEB3, 0x5764, 0xFFFF),
	(0x05C09524, 0x5DDE, 0xFFFF),
	(0x05F646FB, 0x5323, 0xFFFF),
	(0x05FC321F, 0x65A9, 0xFFFF),
	(0x05FCDF4E, 0x5527, 0xFFFF),
	(0x064E67FE, 0x53F9, 0xFFFF),
	(0x067D9B81, 0x8F96, 0xFFFF),
	(0x0684275D, 0x5178, 0xFFFF),
	(0x06C2D691, 0x6613, 0xFFFF),
	(0x06C71E7A, 0x6A21, 0xFFFF),
	(0x06DC94A1, 0x684C, 0xFFFF),
	(0x06E5D6D5, 0x573E, 0xFFFF),
	(0x071342A8, 0x77A9, 0xFFFF),
	(0x0745BC91, 0x5B98, 0xFFFF),
	(0x075EA803, 0x53C8, 0xFFFF),
	(0x07B092FE, 0x7599, 0xFFFF),
	(0x07B85763, 0x51BB, 0xFFFF),
	(0x07D40AA6, 0x8E44, 0xFFFF),
	(0x07E0CD52, 0x5F88, 0xFFFF),
	(0x081B9A69, 0x8247, 0xFFFF),
	(0x082DEC95, 0x5960, 0xFFFF),
	(0x08302967, 0x6251, 0xFFFF),
	(0x08398AD5, 0x9698, 0xFFFF),
	(0x085450C8, 0x8651, 0xFFFF),
	(0x086CA41E, 0x6BBF, 0xFFFF),
	(0x087E47A7, 0x6817, 0xFFFF),
	(0x08903227, 0x8815, 0xFFFF),
	(0x08B790B0, 0x7B5B, 0xFFFF),
	(0x08C3AC89, 0x5145, 0xFFFF),
	(0x08D3C40D, 0x7624, 0xFFFF),
	(0x08E63BB1, 0x8D54, 0xFFFF),
	(0x0903C52E, 0x6E14, 0xFFFF),
	(0x090BECF5, 0x8845, 0xFFFF),
	(0x091A701E, 0x8517, 0xFFFF),
	(0x09477502, 0x772F, 0xFFFF),
	(0x09478286, 0x8BF1, 0xFFFF),
	(0x0963C2AF, 0x5B8B, 0xFFFF),
	(0x09929264, 0x9709, 0xFFFF),
	(0x09A90BF3, 0x627E, 0xFFFF),
	(0x09B15678, 0x7011, 0xFFFF),
	(0x09B6EDE3, 0x884D, 0xFFFF),
	(0x09C24A96, 0x8089, 0x0129),
	(0x09C24A96, 0x8F69, 0x012A),
	(0x09C6F3AD, 0x5BE8, 0xFFFF),
	(0x09D8C793, 0x5F8A, 0xFFFF),
	(0x09DDA0DA, 0x9E45, 0xFFFF),
	(0x09F1F88A, 0x8FA3, 0xFFFF),
	(0x0A0CBC52, 0x5598, 0xFFFF),
	(0x0A1DD09D, 0x7410, 0xFFFF),
	(0x0A244C98, 0x8C23, 0xFFFF),
	(0x0A58184D, 0x6A2A, 0xFFFF),
	(0x0A7C1921, 0x54B1, 0xFFFF),
	(0x0AA5ECE1, 0x4EC5, 0xFFFF),
	(0x0AA76867, 0x964D, 0xFFFF),
	(0x0AC53DDB, 0x5C27, 0xFFFF),
	(0x0AC6A661, 0x4F30, 0xFFFF),
	(0x0AC89AB0, 0x7BAD, 0xFFFF),
	(0x0ACA1983, 0x82DB, 0xFFFF),
	(0x0ACB74AB, 0x84EC, 0xFFFF),
	(0x0AD5525A, 0x7EBF, 0xFFFF),
	(0x0AE94781, 0x52AA, 0xFFFF),
	(0x0AF619A6, 0x6539, 0xFFFF),
	(0x0B05AF17, 0x4F4E, 0xFFFF),
	(0x0B05CD90, 0x5F55, 0x0118),
	(0x0B05CD90, 0x9F99, 0x0119),
	(0x0B187A86, 0x91CD, 0xFFFF),
	(0x0B535B60, 0x5319, 0xFFFF),
	(0x0B5AA492, 0x8BF5, 0xFFFF),
	(0x0B5D4ED8, 0x683C, 0xFFFF),
	(0x0B5EE099, 0x793A, 0xFFFF),
	(0x0B645577, 0x4E48, 0xFFFF),
	(0x0B6CBB42, 0x987E, 0xFFFF),
	(0x0B79EB48, 0x6B4C, 0xFFFF),
	(0x0B8C4BE3, 0x77AD, 0xFFFF),
	(0x0B91075D, 0x753B, 0xFFFF),
	(0x0BA2A0E4, 0x724C, 0xFFFF),
	(0x0BABB882, 0x628A, 0xFFFF),
	(0x0BC77E75, 0x8200, 0xFFFF),
	(0x0BE1BCF8, 0x579B, 0xFFFF),
	(0x0BEB9B41, 0x62EC, 0xFFFF),
	(0x0BFA07A3, 0x597D, 0xFFFF),
	(0x0C389A1F, 0x8DDF, 0xFFFF),
	(0x0C3B7476, 0x56F4, 0xFFFF),
	(0x0C51F8C3, 0x5566, 0xFFFF),
	(0x0CB51842, 0x9010, 0xFFFF),
	(0x0CCB2B25, 0x540E, 0xFFFF),
	(0x0CED8BAC, 0x9891, 0xFFFF),
	(0x0CF9D695, 0x840C, 0xFFFF),
	(0x0D0826EE, 0x63D2, 0xFFFF),
	(0x0D120F89, 0x8BA5, 0xFFFF),
	(0x0D3D37E9, 0x591C, 0xFFFF),
	(0x0D497EAF, 0x8863, 0xFFFF),
	(0x0D5D88E3, 0x7316, 0xFFFF),
	(0x0D678465, 0x915D, 0xFFFF),
	(0x0D7D62DF, 0x5468, 0xFFFF),
	(0x0D869200, 0x76D4, 0xFFFF),
	(0x0D9A1355, 0x5B9D, 0xFFFF),
	(0x0DB1F8D7, 0x7CAE, 0xFFFF),
	(0x0DCAA1EB, 0x8F68, 0xFFFF),
	(0x0DCE9559, 0x6DAE, 0xFFFF),
	(0x0DEEA195, 0x6389, 0xFFFF),
	(0x0DEECAB2, 0x70D9, 0xFFFF),
	(0x0DF7066E, 0x5112, 0xFFFF),
	(0x0E17E61F, 0x5FFF, 0xFFFF),
	(0x0E1A96AA, 0x633A, 0xFFFF),
	(0x0E2F85F1, 0x533E, 0xFFFF),
	(0x0E3A3233, 0x8C2D, 0xFFFF),
	(0x0E49926D, 0x8D2A, 0xFFFF),
	(0x0E50AA0A, 0x83E9, 0xFFFF),
	(0x0E6AE2F9, 0x51DB, 0xFFFF),
	(0x0E8A7307, 0x9875, 0xFFFF),
	(0x0E938C1B, 0x76FE, 0xFFFF),
	(0x0E93AA81, 0x8D5E, 0xFFFF),
	(0x0ED3ABF0, 0x82AF, 0xFFFF),
	(0x0ED65DF6, 0x4E89, 0xFFFF),
	(0x0F14BC77, 0x4E1C, 0xFFFF),
	(0x0F1E4936, 0x9732, 0xFFFF),
	(0x0F2C3484, 0x5B54, 0xFFFF),
	(0x0F2FB103, 0x7840, 0xFFFF),
	(0x0F4CEE04, 0x673D, 0xFFFF),
	(0x0F692F99, 0x96C0, 0xFFFF),
	(0x0F6D7A9C, 0x5FC6, 0xFFFF),
	(0x0F770A23, 0x76AE, 0xFFFF),
	(0x0F90279A, 0x77E3, 0xFFFF),
	(0x0FC72792, 0x8463, 0xFFFF),
	(0x0FEA31AD, 0x4E9A, 0xFFFF),
	(0x0FF608A7, 0x6DF1, 0xFFFF),
	(0x0FF973EF, 0x8083, 0xFFFF),
	(0x0FFC9F33, 0x8749, 0xFFFF),
	(0x100E10E9, 0x8D2F, 0x00BC),
	(0x100E10E9, 0x8D3E, 0x00BD),
	(0x105C9A1B, 0x7CA5, 0xFFFF),
	(0x10878252, 0x6E10, 0xFFFF),
	(0x109A0F0D, 0x95FD, 0xFFFF),
	(0x10A42797, 0x56ED, 0xFFFF),
	(0x10D8B754, 0x80BA, 0xFFFF),
	(0x10EEF8E5, 0x51F6, 0xFFFF),
	(0x10F72448, 0x8231, 0xFFFF),
	(0x1101C511, 0x53CC, 0xFFFF),
	(0x1123D698, 0x574E, 0xFFFF),
	(0x113B951A, 0x62A5, 0xFFFF),
	(0x11449DF3, 0x6676, 0xFFFF),
	(0x114E6417, 0x5197, 0x003E),
	(0x114E6417, 0x672F, 0x003F),
	(0x1152EBFB, 0x674E, 0xFFFF),
	(0x11B31BFF, 0x6CAB, 0xFFFF),
	(0x11BB0886, 0x9996, 0xFFFF),
	(0x11BCDB27, 0x63A0, 0xFFFF),
	(0x11C07A49, 0x8363, 0x008A),
	(0x11C07A49, 0x8D23, 0x008B),
	(0x11D8A8FA, 0x6E89, 0xFFFF),
	(0x11E6962A, 0x5F6C, 0xFFFF),
	(0x11F8D6ED, 0x9650, 0xFFFF),
	(0x11FB2967, 0x94BB, 0xFFFF),
	(0x12047489, 0x51A4, 0xFFFF),
	(0x1219AEFE, 0x997A, 0xFFFF),
	(0x12307F63, 0x7075, 0xFFFF),
	(0x124A88ED, 0x552E, 0xFFFF),
	(0x12859385, 0x6BB4, 0xFFFF),
	(0x1298E27A, 0x527F, 0xFFFF),
	(0x129C23DE, 0x68A7, 0xFFFF),
	(0x12C124C0, 0x7ED2, 0xFFFF),
	(0x13155EF1, 0x786B, 0xFFFF),
	(0x1332984B, 0x5F17, 0xFFFF),
	(0x1359B84D, 0x7693, 0xFFFF),
	(0x136C397D, 0x70DF, 0xFFFF),
	(0x136C6E31, 0x7EE3, 0xFFFF),
	(0x13751B8E, 0x5B83, 0xFFFF),
	(0x1394B48F, 0x6B83, 0xFFFF),
	(0x139C6245, 0x54E9, 0xFFFF),
	(0x13B648F8, 0x9B3C, 0xFFFF),
	(0x13BB4631, 0x58A8, 0xFFFF),
	(0x13C0D478, 0x7248, 0xFFFF),
	(0x13C8DBE0, 0x8F7F, 0xFFFF),
	(0x13CABAB6, 0x6ED1, 0xFFFF),
	(0x13D1E3EC, 0x6DC6, 0xFFFF),
	(0x13EEC948, 0x7470, 0xFFFF),
	(0x13FDF199, 0x65E6, 0xFFFF),
	(0x13FE73E7, 0x5420, 0xFFFF),
	(0x142D8817, 0x8BFB, 0xFFFF),
	(0x1452743D, 0x8404, 0xFFFF),
	(0x145C2F03, 0x6BCD, 0xFFFF),
	(0x145D4914, 0x9175, 0xFFFF),
	(0x146A62E9, 0x762B, 0xFFFF),
	(0x1474BBAE, 0x7ADF, 0xFFFF),
	(0x147A1E81, 0x8FED, 0xFFFF),
	(0x14819A1F, 0x8475, 0xFFFF),
	(0x148392F1, 0x634C, 0xFFFF),
	(0x1483FFF6, 0x9E66, 0xFFFF),
	(0x14961E72, 0x90AA, 0xFFFF),
	(0x14D3ECD9, 0x5C9B, 0xFFFF),
	(0x14D696BA, 0x6258, 0x006D),
	(0x14D696BA, 0x6292, 0x006C),
	(0x14D85EFF, 0x9881, 0xFFFF),
	(0x14F843BC, 0x671F, 0xFFFF),
	(0x14FFAE62, 0x8302, 0xFFFF),
	(0x1517EE7B, 0x4E4B, 0x005C),
	(0x1517EE7B, 0x5200, 0x0056),
	(0x1517EE7B, 0x592B, 0x0059),
	(0x1517EE7B, 0x672A, 0x005B),
	(0x1517EE7B, 0x672B, 0x0057),
	(0x1517EE7B, 0x672C, 0x005A),
	(0x1517EE7B, 0x79BE, 0x0058),
	(0x15273E75, 0x8F9E, 0xFFFF),
	(0x1541951B, 0x70AD, 0xFFFF),
	(0x154F7FF8, 0x5C14, 0xFFFF),
	(0x1575AE56, 0x957F, 0xFFFF),
	(0x15891F98, 0x6F13, 0xFFFF),
	(0x158BD1B8, 0x72DE, 0xFFFF),
	(0x15CB4589, 0x6B23, 0xFFFF),
	(0x15CFAD73, 0x515A, 0xFFFF),
	(0x15EE8D99, 0x5EB7, 0xFFFF),
	(0x15FFF7C6, 0x73AF, 0xFFFF),
	(0x1605261B, 0x64AE, 0xFFFF),
	(0x162455DF, 0x889C, 0xFFFF),
	(0x1629E55E, 0x6D8C, 0xFFFF),
	(0x1629F67C, 0x6599, 0xFFFF),
	(0x16437AD0, 0x6115, 0xFFFF),
	(0x166B2D1D, 0x6500, 0xFFFF),
	(0x16797439, 0x7518, 0xFFFF),
	(0x16844C05, 0x61CA, 0xFFFF),
	(0x1688AA9A, 0x51FD, 0xFFFF),
	(0x16BCD5E9, 0x5F18, 0xFFFF),
	(0x16DE1445, 0x68AF, 0xFFFF),
	(0x16F1F7DE, 0x9F9F, 0xFFFF),
	(0x171393BE, 0x7ED5, 0xFFFF),
	(0x171B7ECA, 0x83F1, 0xFFFF),
	(0x171C9EA4, 0x6361, 0xFFFF),
	(0x172E29FC, 0x5B89, 0xFFFF),
	(0x173E8D27, 0x88D9, 0xFFFF),
	(0x174EE37C, 0x7EA2, 0xFFFF),
	(0x1753CB18, 0x6D53, 0xFFFF),
	(0x17557DC5, 0x5D0E, 0xFFFF),
	(0x1783195E, 0x95ED, 0xFFFF),
	(0x178CB1E3, 0x5987, 0xFFFF),
	(0x1796E1B2, 0x6DAF, 0xFFFF),
	(0x17A1EEC9, 0x51A5, 0xFFFF),
	(0x17AE8FFB, 0x6D47, 0xFFFF),
	(0x17C8CA3B, 0x667A, 0xFFFF),
	(0x17E3C8D8, 0x4E9B, 0x00F8),
	(0x17E3C8D8, 0x7801, 0x00F9),
	(0x17FFBFDC, 0x8352, 0xFFFF),
	(0x18425D26, 0x6400, 0xFFFF),
	(0x18499615, 0x9523, 0xFFFF),
	(0x18A6645D, 0x711A, 0xFFFF),
	(0x18B95DD3, 0x670B, 0xFFFF),
	(0x18DC1475, 0x8BDD, 0xFFFF),
	(0x18E504CF, 0x5FCC, 0x00E1),
	(0x18E504CF, 0x6C88, 0x00E2),
	(0x19268D0B, 0x9A9A, 0xFFFF),
	(0x1983FD97, 0x568E, 0xFFFF),
	(0x199DC0A1, 0x4E08, 0x0101),
	(0x199DC0A1, 0x51FB, 0x0100),
	(0x19ACD849, 0x5FAA, 0xFFFF),
	(0x19B42D6F, 0x963B, 0xFFFF),
	(0x19B9BEF6, 0x6398, 0xFFFF),
	(0x19BA03CD, 0x7237, 0xFFFF),
	(0x19D1A4D1, 0x56FA, 0xFFFF),
	(0x19E4EBBA, 0x8BC9, 0xFFFF),
	(0x19F8C78E, 0x9A71, 0xFFFF),
	(0x1A1C955A, 0x65B0, 0xFFFF),
	(0x1A42E387, 0x6377, 0xFFFF),
	(0x1A60C6FE, 0x6309, 0xFFFF),
	(0x1A7F13E1, 0x707F, 0xFFFF),
	(0x1AAEE823, 0x809B, 0xFFFF),
	(0x1AD2B544, 0x7F50, 0xFFFF),
	(0x1AF80D6A, 0x97A0, 0xFFFF),
	(0x1B0F582B, 0x67A3, 0xFFFF),
	(0x1B17462E, 0x6CC4, 0xFFFF),
	(0x1B385F54, 0x5976, 0xFFFF),
	(0x1B47B4CF, 0x8327, 0xFFFF),
	(0x1B492834, 0x8BAF, 0xFFFF),
	(0x1B6444DA, 0x9635, 0xFFFF),
	(0x1B652553, 0x8F90, 0xFFFF),
	(0x1B8E9C69, 0x88F8, 0xFFFF),
	(0x1BA3AB8E, 0x8FA8, 0xFFFF),
	(0x1BDABEB2, 0x970E, 0xFFFF),
	(0x1C088A87, 0x63E3, 0xFFFF),
	(0x1C0BA331, 0x4EEA, 0xFFFF),
	(0x1C11024A, 0x997C, 0xFFFF),
	(0x1C4BE813, 0x7C38, 0xFFFF),
	(0x1C5BAB65, 0x5668, 0xFFFF),
	(0x1C60106A, 0x51AC, 0xFFFF),
	(0x1C7512E1, 0x8354, 0xFFFF),
	(0x1CBCB165, 0x8E66, 0xFFFF),
	(0x1CE577C2, 0x4FA0, 0xFFFF),
	(0x1CE7B05C, 0x56BC, 0xFFFF),
	(0x1D02A0B4, 0x8C2C, 0xFFFF),
	(0x1D0913BC, 0x7626, 0xFFFF),
	(0x1D19A1E3, 0x6BD5, 0xFFFF),
	(0x1D25DECA, 0x5C01, 0xFFFF),
	(0x1D27093B, 0x6760, 0xFFFF),
	(0x1D2F3030, 0x6F58, 0xFFFF),
	(0x1D433AD7, 0x5E7B, 0xFFFF),
	(0x1D48A606, 0x5F26, 0xFFFF),
	(0x1D4D5F95, 0x4ECA, 0xFFFF),
	(0x1D604F98, 0x53A2, 0xFFFF),
	(0x1D69CA7A, 0x8102, 0xFFFF),
	(0x1DB4BD17, 0x5BBF, 0xFFFF),
	(0x1DC8FC63, 0x4FC4, 0xFFFF),
	(0x1DCCF42D, 0x4EF2, 0xFFFF),
	(0x1DD03B3A, 0x5EC9, 0xFFFF),
	(0x1DD7D11F, 0x8FBD, 0xFFFF),
	(0x1DE56A22, 0x745E, 0xFFFF),
	(0x1E01B2DB, 0x6C47, 0xFFFF),
	(0x1E0B52AE, 0x829D, 0xFFFF),
	(0x1E13C25E, 0x5582, 0xFFFF),
	(0x1E27C06D, 0x4F73, 0xFFFF),
	(0x1E3E8BB8, 0x82E5, 0xFFFF),
	(0x1E47CB76, 0x75F0, 0xFFFF),
	(0x1E5107DB, 0x64B0, 0xFFFF),
	(0x1E7E0185, 0x9152, 0xFFFF),
	(0x1E8D7C6C, 0x5AC1, 0xFFFF),
	(0x1E927D1B, 0x5E55, 0xFFFF),
	(0x1EA77751, 0x9646, 0xFFFF),
	(0x1EE9E3F7, 0x7701, 0xFFFF),
	(0x1EF0B03A, 0x6C79, 0xFFFF),
	(0x1F00769B, 0x9887, 0xFFFF),
	(0x1F08C444, 0x5230, 0xFFFF),
	(0x1F12ED24, 0x6447, 0xFFFF),
	(0x1F1977C5, 0x7F1A, 0xFFFF),
	(0x1F1F87DB, 0x7238, 0xFFFF),
	(0x1F29475A, 0x4E61, 0xFFFF),
	(0x1F339469, 0x5192, 0xFFFF),
	(0x1F4938CE, 0x5378, 0xFFFF),
	(0x1F6F8F28, 0x5E90, 0xFFFF),
	(0x1F8A83B4, 0x5428, 0xFFFF),
	(0x1FA4FF67, 0x97E7, 0xFFFF),
	(0x1FA8D07E, 0x7ECD, 0xFFFF),
	(0x1FB84903, 0x7F9A, 0xFFFF),
	(0x1FD331E6, 0x9F20, 0xFFFF),
	(0x1FD7809C, 0x5F0F, 0xFFFF),
	(0x1FDB272B, 0x8693, 0xFFFF),
	(0x1FEE4CE6, 0x5A03, 0xFFFF),
	(0x1FF92A03, 0x607C, 0xFFFF),
	(0x1FFD6928, 0x6291, 0xFFFF),
	(0x20200E35, 0x5578, 0xFFFF),
	(0x202C8AF5, 0x6591, 0xFFFF),
	(0x203A665F, 0x7ED8, 0xFFFF),
	(0x2052338B, 0x52E4, 0xFFFF),
	(0x2067432B, 0x6DE1, 0xFFFF),
	(0x206A3BB2, 0x5370, 0xFFFF),
	(0x206F283F, 0x96C4, 0xFFFF),
	(0x2077E892, 0x8457, 0xFFFF),
	(0x2082E649, 0x5B97, 0xFFFF),
	(0x20D7DC75, 0x7239, 0xFFFF),
	(0x20EB43AF, 0x66F0, 0xFFFF),
	(0x211362CE, 0x80C3, 0xFFFF),
	(0x212DF783, 0x68C0, 0xFFFF),
	(0x216E0195, 0x53E9, 0x0004),
	(0x216E0195, 0x53EB, 0x0006),
	(0x216E0195, 0x53EE, 0x0005),
	(0x21700978, 0x6D9B, 0xFFFF),
	(0x217E1557, 0x7533, 0xFFFF),
	(0x21912EA1, 0x94B3, 0xFFFF),
	(0x21998F05, 0x6821, 0xFFFF),
	(0x219FC9B9, 0x7B79, 0xFFFF),
	(0x21B1E821, 0x789F, 0xFFFF),
	(0x21EFD278, 0x6025, 0xFFFF),
	(0x2208320D, 0x55D3, 0xFFFF),
	(0x220B13D5, 0x829C, 0xFFFF),
	(0x22606E52, 0x6559, 0xFFFF),
	(0x227039A9, 0x82B9, 0x0094),
	(0x227039A9, 0x8301, 0x0095),
	(0x2275419A, 0x7EB5, 0xFFFF),
	(0x227BEE5B, 0x5174, 0xFFFF),
	(0x2295D5C4, 0x6ECB, 0xFFFF),
	(0x229E4549, 0x5B75, 0xFFFF),
	(0x22A6E315, 0x62EF, 0xFFFF),
	(0x22AD24C5, 0x6735, 0x011E),
	(0x22AD24C5, 0x7396, 0x011D),
	(0x22AE109E, 0x6DA6, 0xFFFF),
	(0x22BC89CF, 0x6263, 0xFFFF),
	(0x22D78734, 0x66FE, 0xFFFF),
	(0x22E5EBBC, 0x5993, 0xFFFF),
	(0x22EE6FAB, 0x5B8C, 0xFFFF),
	(0x22F95C33, 0x771F, 0xFFFF),
	(0x231561DD, 0x69DB, 0xFFFF),
	(0x2315D0D7, 0x66FC, 0xFFFF),
	(0x23179800, 0x8BA4, 0xFFFF),
	(0x232A0834, 0x9A82, 0xFFFF),
	(0x232E2CC2, 0x519B, 0xFFFF),
	(0x233B12CE, 0x8015, 0xFFFF),
	(0x235786AA, 0x7A3F, 0xFFFF),
	(0x235B79BD, 0x7ECF, 0xFFFF),
	(0x237E2FED, 0x541D, 0xFFFF),
	(0x2393D5C1, 0x53E6, 0xFFFF),
	(0x2393F930, 0x6055, 0xFFFF),
	(0x23AFD5E6, 0x638C, 0xFFFF),
	(0x23C70ECB, 0x5DEB, 0xFFFF),
	(0x23C8CB43, 0x8DB4, 0xFFFF),
	(0x23CAD5C6, 0x97F3, 0xFFFF),
	(0x23CB5CAC, 0x65A7, 0xFFFF),
	(0x2411613F, 0x673A, 0xFFFF),
	(0x243CAFB0, 0x64D2, 0xFFFF),
	(0x24501832, 0x8B6C, 0xFFFF),
	(0x2460B3DF, 0x82D4, 0x00D2),
	(0x2460B3DF, 0x8335, 0x00D3),
	(0x24743B24, 0x886C, 0xFFFF),
	(0x24886C7A, 0x82CF, 0xFFFF),
	(0x24B194A5, 0x5ECA, 0xFFFF),
	(0x24CF6861, 0x6781, 0xFFFF),
	(0x24D7BD2C, 0x533F, 0xFFFF),
	(0x24F672A8, 0x53D4, 0xFFFF),
	(0x2511438A, 0x81C2, 0xFFFF),
	(0x251D1525, 0x6C5B, 0xFFFF),
	(0x252D46AA, 0x70C8, 0xFFFF),
	(0x2554E439, 0x5B57, 0xFFFF),
	(0x25590DAE, 0x82AD, 0xFFFF),
	(0x255A8113, 0x5DE9, 0xFFFF),
	(0x255E2170, 0x8428, 0xFFFF),
	(0x25698D23, 0x7BF7, 0xFFFF),
	(0x25832CE3, 0x4F3A, 0xFFFF),
	(0x2586657F, 0x7AD9, 0xFFFF),
	(0x2593A23B, 0x614C, 0xFFFF),
	(0x25B36C20, 0x79C6, 0xFFFF),
	(0x25D088FA, 0x5C1A, 0x0041),
	(0x25D088FA, 0x8096, 0x0040),
	(0x25D96F9A, 0x85D5, 0xFFFF),
	(0x25E3167B, 0x745F, 0xFFFF),
	(0x25E32C07, 0x52B3, 0xFFFF),
	(0x25F04C01, 0x5F64, 0xFFFF),
	(0x261CFC10, 0x4ED8, 0xFFFF),
	(0x26410CBB, 0x998B, 0xFFFF),
	(0x26473A5E, 0x50E7, 0xFFFF),
	(0x266A22D8, 0x88B1, 0xFFFF),
	(0x266AA8AF, 0x91C7, 0xFFFF),
	(0x26762795, 0x7CA4, 0xFFFF),
	(0x268B530C, 0x781A, 0xFFFF),
	(0x269DB651, 0x9605, 0xFFFF),
	(0x269DF1CA, 0x63EA, 0xFFFF),
	(0x26D0DFE9, 0x55B7, 0xFFFF),
	(0x26D8C102, 0x7078, 0xFFFF),
	(0x26DB3231, 0x69B4, 0xFFFF),
	(0x26F3A8BE, 0x8F99, 0xFFFF),
	(0x26F60BCF, 0x8D1D, 0xFFFF),
	(0x27040A94, 0x7387, 0xFFFF),
	(0x27099C10, 0x518D, 0xFFFF),
	(0x271CB55A, 0x8F97, 0xFFFF),
	(0x273A0A37, 0x4E70, 0xFFFF),
	(0x274F5A0B, 0x8C31, 0xFFFF),
	(0x2759FEE5, 0x682A, 0xFFFF),
	(0x27768A2C, 0x8712, 0xFFFF),
	(0x27D59BB3, 0x652F, 0xFFFF),
	(0x27DA9165, 0x5CB8, 0xFFFF),
	(0x27DB74B0, 0x4F88, 0xFFFF),
	(0x27F15BED, 0x84C9, 0xFFFF),
	(0x28131204, 0x783E, 0xFFFF),
	(0x2813E939, 0x7CAA, 0xFFFF),
	(0x28213371, 0x5934, 0x00FB),
	(0x28213371, 0x7C73, 0x00FA),
	(0x2829BBA9, 0x8EAC, 0xFFFF),
	(0x282A778F, 0x78CA, 0xFFFF),
	(0x28348ACB, 0x64C5, 0xFFFF),
	(0x2836EE3F, 0x635F, 0xFFFF),
	(0x28397050, 0x8BB2, 0xFFFF),
	(0x285A617C, 0x96E8, 0xFFFF),
	(0x285C62A3, 0x54CE, 0xFFFF),
	(0x288501EF, 0x58F9, 0xFFFF),
	(0x289816B0, 0x53CA, 0xFFFF),
	(0x2899DAA4, 0x7981, 0xFFFF),
	(0x28BF4F56, 0x6977, 0xFFFF),
	(0x28D09FE1, 0x873B, 0xFFFF),
	(0x28E783FE, 0x5600, 0xFFFF),
	(0x28ECD80E, 0x71AC, 0xFFFF),
	(0x28F93C5B, 0x54EA, 0xFFFF),
	(0x291AD496, 0x77FF, 0xFFFF),
	(0x292F3A70, 0x7EAB, 0xFFFF),
	(0x2939D82D, 0x4EA1, 0xFFFF),
	(0x293AA039, 0x8003, 0xFFFF),
	(0x294D50EC, 0x59DA, 0xFFFF),
	(0x2962E209, 0x95F9, 0xFFFF),
	(0x296BDA4B, 0x9897, 0xFFFF),
	(0x296BFABA, 0x8E29, 0xFFFF),
	(0x2980E807, 0x593A, 0xFFFF),
	(0x299BD49B, 0x56A3, 0xFFFF),
	(0x299CAF93, 0x591F, 0xFFFF),
	(0x299D60D6, 0x6E0A, 0xFFFF),
	(0x29CB4157, 0x8715, 0xFFFF),
	(0x29D9531F, 0x690D, 0xFFFF),
	(0x2A30E4E1, 0x971E, 0xFFFF),
	(0x2A70F7C9, 0x6E90, 0xFFFF),
	(0x2A9C25F7, 0x4E11, 0x009C),
	(0x2A9C25F7, 0x767D, 0x009D),
	(0x2A9DF62E, 0x707E, 0xFFFF),
	(0x2ABF9733, 0x7761, 0xFFFF),
	(0x2AD5149F, 0x6B96, 0xFFFF),
	(0x2ADDA9A4, 0x7269, 0xFFFF),
	(0x2ADE40B1, 0x6D01, 0xFFFF),
	(0x2AE74D90, 0x67D3, 0xFFFF),
	(0x2AEFAC03, 0x6CE3, 0xFFFF),
	(0x2AFA3922, 0x8650, 0xFFFF),
	(0x2AFBB943, 0x5E9E, 0xFFFF),
	(0x2B3E18E5, 0x9668, 0xFFFF),
	(0x2B5457EA, 0x7092, 0xFFFF),
	(0x2B6130B3, 0x547C, 0xFFFF),
	(0x2B6B9810, 0x80BE, 0xFFFF),
	(0x2B946CEB, 0x733E, 0xFFFF),
	(0x2B99E92C, 0x8700, 0xFFFF),
	(0x2BADC8E3, 0x54B3, 0xFFFF),
	(0x2BCAE0AD, 0x9686, 0xFFFF),
	(0x2BD49739, 0x5CE6, 0xFFFF),
	(0x2BEA16F5, 0x52A1, 0xFFFF),
	(0x2BEC9D3C, 0x8BBC, 0xFFFF),
	(0x2C3BC2C1, 0x8230, 0xFFFF),
	(0x2C640850, 0x84B2, 0xFFFF),
	(0x2C80C2A8, 0x53D7, 0xFFFF),
	(0x2C912738, 0x7B14, 0xFFFF),
	(0x2C954921, 0x62CD, 0xFFFF),
	(0x2CA70597, 0x534A, 0xFFFF),
	(0x2CBCC36A, 0x8D58, 0xFFFF),
	(0x2CBD6473, 0x70E4, 0xFFFF),
	(0x2CC6D171, 0x96F9, 0x00EB),
	(0x2CC6D171, 0x9707, 0x00EC),
	(0x2CCC7F35, 0x73BB, 0xFFFF),
	(0x2CD322A5, 0x6749, 0xFFFF),
	(0x2CDF0F0A, 0x5C49, 0x00F1),
	(0x2CDF0F0A, 0x826F, 0x00F2),
	(0x2CE5272F, 0x90CE, 0xFFFF),
	(0x2CEFD86F, 0x907F, 0xFFFF),
	(0x2D28F0DF, 0x8BC1, 0xFFFF),
	(0x2D329809, 0x5077, 0xFFFF),
	(0x2D3B6113, 0x9762, 0xFFFF),
	(0x2D5DCE2D, 0x817F, 0xFFFF),
	(0x2D8EF7F9, 0x7CD9, 0xFFFF),
	(0x2D930D5A, 0x780D, 0xFFFF),
	(0x2DA4EE50, 0x6043, 0xFFFF),
	(0x2DC5C8FC, 0x7F94, 0xFFFF),
	(0x2DD40745, 0x5395, 0xFFFF),
	(0x2DEBD28B, 0x6A80, 0xFFFF),
	(0x2DF6512D, 0x637B, 0xFFFF),
	(0x2E0C788D, 0x5EFA, 0xFFFF),
	(0x2E384716, 0x667E, 0xFFFF),
	(0x2E46B6EF, 0x8D5B, 0xFFFF),
	(0x2E54D02B, 0x85E4, 0xFFFF),
	(0x2E820B11, 0x566A, 0xFFFF),
	(0x2ED8AD44, 0x6EDA, 0xFFFF),
	(0x2EF772CE, 0x62E5, 0xFFFF),
	(0x2F20929A, 0x51DD, 0xFFFF),
	(0x2F2F6165, 0x5C61, 0xFFFF),
	(0x2F31C9C0, 0x94A5, 0xFFFF),
	(0x2F502E52, 0x56E2, 0xFFFF),
	(0x2F7A2A5A, 0x8C01, 0xFFFF),
	(0x2F8C0727, 0x602A, 0xFFFF),
	(0x2FAE303D, 0x9009, 0xFFFF),
	(0x2FC37962, 0x5426, 0xFFFF),
	(0x2FCE279E, 0x6743, 0xFFFF),
	(0x2FDA53BA, 0x6E32, 0xFFFF),
	(0x2FE57E7F, 0x6746, 0x00E3),
	(0x2FE57E7F, 0x8D1E, 0x00E4),
	(0x300CAEF4, 0x7BA9, 0xFFFF),
	(0x3016DA6B, 0x77AA, 0xFFFF),
	(0x3031535F, 0x63A7, 0xFFFF),
	(0x30598614, 0x51B5, 0xFFFF),
	(0x306B400B, 0x75BE, 0xFFFF),
	(0x30964859, 0x841D, 0xFFFF),
	(0x30B2317B, 0x6EAF, 0xFFFF),
	(0x30C7380A, 0x764C, 0xFFFF),
	(0x30CA341B, 0x7897, 0xFFFF),
	(0x30CDA130, 0x8058, 0xFFFF),
	(0x311AF4EF, 0x54ED, 0x00AB),
	(0x311AF4EF, 0x5782, 0x00AC),
	(0x311AF4EF, 0x752B, 0x00AD),
	(0x31290179, 0x5374, 0xFFFF),
	(0x313431DA, 0x604D, 0xFFFF),
	(0x3140F5D4, 0x80A1, 0xFFFF),
	(0x314A7D56, 0x7D0A, 0xFFFF),
	(0x3171E929, 0x56E0, 0xFFFF),
	(0x317EF697, 0x5256, 0xFFFF),
	(0x31886CAB, 0x5DE8, 0xFFFF),
	(0x31A3AA0F, 0x659C, 0xFFFF),
	(0x31AA9F98, 0x8DF3, 0xFFFF),
	(0x31B842F1, 0x989D, 0xFFFF),
	(0x31D25EFF, 0x592E, 0xFFFF),
	(0x31F11950, 0x8FC2, 0xFFFF),
	(0x31F2E0DC, 0x8D42, 0xFFFF),
	(0x3209B802, 0x5F62, 0xFFFF),
	(0x320DDE13, 0x4F34, 0x00EA),
	(0x320DDE13, 0x91D1, 0x00E9),
	(0x3212C945, 0x9119, 0xFFFF),
	(0x3222DB11, 0x9530, 0xFFFF),
	(0x3223B2B6, 0x5E37, 0xFFFF),
	(0x322A0FAF, 0x6C60, 0xFFFF),
	(0x32349B12, 0x5D07, 0xFFFF),
	(0x3240E03A, 0x6D59, 0xFFFF),
	(0x32555E0D, 0x6897, 0xFFFF),
	(0x32A03F1C, 0x7BC7, 0xFFFF),
	(0x32A96F8F, 0x4EA2, 0xFFFF),
	(0x32E59231, 0x85CF, 0xFFFF),
	(0x32E611F6, 0x6495, 0xFFFF),
	(0x32EBC5DA, 0x513F, 0xFFFF),
	(0x32F1B5E5, 0x545C, 0xFFFF),
	(0x32F76D93, 0x65AF, 0xFFFF),
	(0x3323B873, 0x82A6, 0xFFFF),
	(0x3350EFFF, 0x82DF, 0xFFFF),
	(0x337DFE24, 0x59CA, 0xFFFF),
	(0x33D0A274, 0x8BA8, 0xFFFF),
	(0x33D1E83B, 0x6572, 0xFFFF),
	(0x33D26AC0, 0x72F1, 0xFFFF),
	(0x33F6872D, 0x72EC, 0xFFFF),
	(0x340CE1F1, 0x6D45, 0xFFFF),
	(0x344AF4AE, 0x4FED, 0xFFFF),
	(0x344BA1AF, 0x6655, 0xFFFF),
	(0x345819EF, 0x960E, 0xFFFF),
	(0x345DAF34, 0x809A, 0xFFFF),
	(0x346A996A, 0x96CC, 0xFFFF),
	(0x348BD43F, 0x9655, 0xFFFF),
	(0x349C9D13, 0x998D, 0xFFFF),
	(0x34AE47BC, 0x6CFD, 0xFFFF),
	(0x34F47C38, 0x7B7E, 0xFFFF),
	(0x35064A24, 0x6A90, 0xFFFF),
	(0x3508E3D9, 0x7574, 0xFFFF),
	(0x3512EB1F, 0x4F24, 0xFFFF),
	(0x351F016C, 0x9A76, 0xFFFF),
	(0x35214795, 0x987F, 0xFFFF),
	(0x3525CDF9, 0x82F1, 0xFFFF),
	(0x352ED87A, 0x6691, 0xFFFF),
	(0x35350CC9, 0x8BED, 0xFFFF),
	(0x3557616C, 0x62C7, 0xFFFF),
	(0x355FA8B7, 0x6069, 0xFFFF),
	(0x358DD85F, 0x7459, 0xFFFF),
	(0x358EE22B, 0x5348, 0x010A),
	(0x358EE22B, 0x65A4, 0x010B),
	(0x359D450F, 0x949F, 0xFFFF),
	(0x35A2466A, 0x6881, 0xFFFF),
	(0x35CF31E6, 0x8BCD, 0xFFFF),
	(0x35D0706A, 0x4F1F, 0xFFFF),
	(0x35D5B6DD, 0x6E17, 0xFFFF),
	(0x35D60D44, 0x538C, 0xFFFF),
	(0x35DA566B, 0x892A, 0xFFFF),
	(0x35E6F81B, 0x7763, 0xFFFF),
	(0x36175F85, 0x795F, 0xFFFF),
	(0x362D54A2, 0x874E, 0xFFFF),
	(0x36494CFC, 0x9985, 0xFFFF),
	(0x364D6A65, 0x7FE0, 0xFFFF),
	(0x3676353D, 0x775B, 0xFFFF),
	(0x36894DE3, 0x6D32, 0xFFFF),
	(0x36DD3B85, 0x9501, 0xFFFF),
	(0x36E71CC7, 0x7EA6, 0xFFFF),
	(0x36F228CC, 0x552C, 0xFFFF),
	(0x36FFD9AF, 0x72EE, 0xFFFF),
	(0x3721B9FF, 0x8C24, 0xFFFF),
	(0x372A37E6, 0x78B0, 0xFFFF),
	(0x372F55BE, 0x8010, 0xFFFF),
	(0x373CE674, 0x8DEF, 0xFFFF),
	(0x374D133C, 0x5636, 0xFFFF),
	(0x377CA009, 0x620F, 0x00BF),
	(0x377CA009, 0x8FD4, 0x00C0),
	(0x377CA009, 0x9006, 0x00BE),
	(0x37A55B23, 0x629B, 0xFFFF),
	(0x37B2E2E6, 0x6708, 0xFFFF),
	(0x37BD82EF, 0x53BF, 0xFFFF),
	(0x37C4FE8D, 0x4FD0, 0xFFFF),
	(0x37E8004E, 0x6D77, 0xFFFF),
	(0x37F38B3B, 0x62C9, 0xFFFF),
	(0x38150F66, 0x5C3E, 0xFFFF),
	(0x383E8AEC, 0x5835, 0xFFFF),
	(0x38724AB0, 0x6CA5, 0xFFFF),
	(0x3885D907, 0x80D6, 0xFFFF),
	(0x388D930B, 0x91CE, 0xFFFF),
	(0x38980613, 0x67D4, 0xFFFF),
	(0x38A7F1BB, 0x5BA6, 0xFFFF),
	(0x38ACC185, 0x8681, 0xFFFF),
	(0x38E964BB, 0x76F4, 0x012E),
	(0x38E964BB, 0x91CC, 0x012D),
	(0x392C3401, 0x67F3, 0xFFFF),
	(0x3956DC77, 0x8DB3, 0xFFFF),
	(0x39679B7E, 0x5475, 0xFFFF),
	(0x396FFDF5, 0x5403, 0xFFFF),
	(0x39869E54, 0x5267, 0xFFFF),
	(0x39958003, 0x7FC5, 0xFFFF),
	(0x39A3293D, 0x5180, 0xFFFF),
	(0x39D805A3, 0x8611, 0xFFFF),
	(0x39D99A5D, 0x520A, 0xFFFF),
	(0x39F65769, 0x8708, 0xFFFF),
	(0x3A003FF0, 0x5BFC, 0xFFFF),
	(0x3A1F0160, 0x7779, 0xFFFF),
	(0x3A3116AF, 0x8F93, 0xFFFF),
	(0x3A477C60, 0x8D37, 0xFFFF),
	(0x3A513B20, 0x5974, 0xFFFF),
	(0x3A5B4500, 0x9EC4, 0xFFFF),
	(0x3AB0C277, 0x7FC1, 0xFFFF),
	(0x3ABB6CB5, 0x8304, 0xFFFF),
	(0x3ABE5F1B, 0x8018, 0xFFFF),
	(0x3ACC2391, 0x953B, 0xFFFF),
	(0x3ACF8DF8, 0x8C13, 0xFFFF),
	(0x3AD4DDBF, 0x52DF, 0xFFFF),
	(0x3B1A68E4, 0x5315, 0x0113),
	(0x3B1A68E4, 0x6B79, 0x0112),
	(0x3B29270E, 0x548C, 0xFFFF),
	(0x3B40EC7B, 0x53D9, 0xFFFF),
	(0x3B43EEFC, 0x90FD, 0xFFFF),
	(0x3B5B13D8, 0x79C1, 0xFFFF),
	(0x3B5CBE5D, 0x6643, 0xFFFF),
	(0x3B72B3E1, 0x51AF, 0xFFFF),
	(0x3B82E30C, 0x68A2, 0xFFFF),
	(0x3B857B05, 0x9A8F, 0xFFFF),
	(0x3B8BBA6C, 0x68F1, 0xFFFF),
	(0x3BA5300C, 0x6DD8, 0xFFFF),
	(0x3BAD55CB, 0x5766, 0xFFFF),
	(0x3BB847D5, 0x83F2, 0xFFFF),
	(0x3BC2FE5E, 0x5723, 0xFFFF),
	(0x3C02722F, 0x6240, 0x00DD),
	(0x3C02722F, 0x8FC1, 0x00DE),
	(0x3C089B94, 0x7845, 0xFFFF),
	(0x3C56E961, 0x6367, 0xFFFF),
	(0x3C842B67, 0x6BEF, 0xFFFF),
	(0x3CB2D4A1, 0x54D7, 0xFFFF),
	(0x3CB9686F, 0x9614, 0xFFFF),
	(0x3CBAC86E, 0x5201, 0xFFFF),
	(0x3CC8D201, 0x9888, 0xFFFF),
	(0x3CDADBEA, 0x64A4, 0xFFFF),
	(0x3D362F33, 0x714E, 0xFFFF),
	(0x3D442E93, 0x58EE, 0xFFFF),
	(0x3D562394, 0x54E8, 0xFFFF),
	(0x3D5916AC, 0x6C2F, 0xFFFF),
	(0x3D5C89EB, 0x4E3B, 0x00E6),
	(0x3D5C89EB, 0x7389, 0x00E5),
	(0x3D5D51F7, 0x5141, 0x00F5),
	(0x3D5D51F7, 0x5B5D, 0x00F3),
	(0x3D5D51F7, 0x74DC, 0x00F4),
	(0x3D66AEA9, 0x6837, 0xFFFF),
	(0x3D704BBE, 0x6316, 0xFFFF),
	(0x3D8F2C4C, 0x5F81, 0xFFFF),
	(0x3D8FEA34, 0x8D56, 0xFFFF),
	(0x3D990DFF, 0x5634, 0xFFFF),
	(0x3DA2774E, 0x7F16, 0xFFFF),
	(0x3DD34F20, 0x6C64, 0xFFFF),
	(0x3DD35E43, 0x6311, 0xFFFF),
	(0x3DD88FDE, 0x6AAC, 0xFFFF),
	(0x3DE64341, 0x67D1, 0xFFFF),
	(0x3E1D4645, 0x70AC, 0xFFFF),
	(0x3E4649A9, 0x9601, 0xFFFF),
	(0x3E503663, 0x8FC4, 0xFFFF),
	(0x3E9B050C, 0x5BD3, 0xFFFF),
	(0x3E9E464F, 0x51E4, 0xFFFF),
	(0x3EAF0BAD, 0x56FD, 0xFFFF),
	(0x3ECA1EE6, 0x5211, 0xFFFF),
	(0x3EE9D041, 0x5366, 0xFFFF),
	(0x3EF0BE79, 0x7C3F, 0xFFFF),
	(0x3F7AC65F, 0x67B6, 0xFFFF),
	(0x3F92D612, 0x9493, 0xFFFF),
	(0x3F9D09C8, 0x5851, 0xFFFF),
	(0x3F9EF309, 0x52C7, 0xFFFF),
	(0x3FA03B0A, 0x5927, 0x0015),
	(0x3FA03B0A, 0x5F13, 0x0014),
	(0x3FA03B0A, 0x624D, 0x0016),
	(0x3FBDB779, 0x5999, 0xFFFF),
	(0x3FC48C48, 0x79C9, 0xFFFF),
	(0x3FDD333F, 0x7089, 0xFFFF),
	(0x3FE1D270, 0x8854, 0xFFFF),
	(0x401C9149, 0x62C2, 0xFFFF),
	(0x401E522F, 0x9886, 0xFFFF),
	(0x403828D0, 0x695A, 0xFFFF),
	(0x405ECD84, 0x5154, 0xFFFF),
	(0x4070260D, 0x8EBA, 0xFFFF),
	(0x4080BD95, 0x8214, 0xFFFF),
	(0x408BB8A5, 0x55BB, 0xFFFF),
	(0x409EF16C, 0x751A, 0xFFFF),
	(0x40A1753D, 0x917F, 0xFFFF),
	(0x40BAAD43, 0x9AA1, 0xFFFF),
	(0x40BB197C, 0x7281, 0xFFFF),
	(0x40C4FDC6, 0x7F8E, 0xFFFF),
	(0x40DDEE1F, 0x5BA3, 0xFFFF),
	(0x40ED7D2F, 0x6CA6, 0xFFFF),
	(0x41073D37, 0x8D21, 0xFFFF),
	(0x4108D684, 0x6124, 0xFFFF),
	(0x41150B00, 0x6DCB, 0xFFFF),
	(0x41187CBC, 0x699C, 0xFFFF),
	(0x414605C3, 0x5386, 0xFFFF),
	(0x41839BCF, 0x53D8, 0xFFFF),
	(0x41964307, 0x6BD9, 0xFFFF),
	(0x4196CE83, 0x4E7E, 0xFFFF),
	(0x41E25C11, 0x4E24, 0xFFFF),
	(0x41E6E3F5, 0x7422, 0xFFFF),
	(0x41EB9D84, 0x7D22, 0xFFFF),
	(0x41F07899, 0x5228, 0xFFFF),
	(0x423062A4, 0x7FFB, 0xFFFF),
	(0x42513895, 0x8549, 0xFFFF),
	(0x42609053, 0x817B, 0xFFFF),
	(0x4264AB2E, 0x6C9B, 0xFFFF),
	(0x4285C4E0, 0x6F9C, 0xFFFF),
	(0x4297DF44, 0x6096, 0xFFFF),
	(0x4298F21F, 0x610F, 0xFFFF),
	(0x42A2ABE5, 0x9761, 0xFFFF),
	(0x42AE8A43, 0x7F14, 0xFFFF),
	(0x42B975C1, 0x618E, 0xFFFF),
	(0x42C3C330, 0x4FA7, 0xFFFF),
	(0x42CB184E, 0x82AC, 0xFFFF),
	(0x42E810A4, 0x5173, 0xFFFF),
	(0x432AD4BD, 0x62D6, 0xFFFF),
	(0x43323121, 0x731B, 0xFFFF),
	(0x43362CA9, 0x66F9, 0xFFFF),
	(0x435119E5, 0x7737, 0xFFFF),
	(0x43683556, 0x4E0E, 0xFFFF),
	(0x4372B535, 0x9E70, 0xFFFF),
	(0x43745E7D, 0x7686, 0xFFFF),
	(0x437E86E5, 0x96C5, 0xFFFF),
	(0x4388EED6, 0x5B81, 0xFFFF),
	(0x438D5AA9, 0x6D95, 0xFFFF),
	(0x43CDDE55, 0x632F, 0xFFFF),
	(0x43DA4B88, 0x8FBE, 0xFFFF),
	(0x43E776BD, 0x5728, 0xFFFF),
	(0x43EAF33C, 0x5E05, 0xFFFF),
	(0x43EC837D, 0x8086, 0xFFFF),
	(0x4408303D, 0x6750, 0xFFFF),
	(0x4413D3F8, 0x9AA4, 0xFFFF),
	(0x441B3DB6, 0x7ECA, 0xFFFF),
	(0x441FBC87, 0x987D, 0xFFFF),
	(0x4424C52F, 0x62BC, 0xFFFF),
	(0x442BFEBD, 0x8155, 0xFFFF),
	(0x443D49A3, 0x786C, 0xFFFF),
	(0x4452A1F9, 0x4F55, 0xFFFF),
	(0x446293FF, 0x5992, 0x00FF),
	(0x446293FF, 0x9A74, 0x00FE),
	(0x44644C93, 0x819B, 0xFFFF),
	(0x448E56D5, 0x50DA, 0xFFFF),
	(0x449279AD, 0x4EC6, 0xFFFF),
	(0x44B41678, 0x8206, 0xFFFF),
	(0x44C8CD37, 0x533B, 0xFFFF),
	(0x44DDF692, 0x6167, 0xFFFF),
	(0x450BF3BC, 0x6DB5, 0xFFFF),
	(0x451D026C, 0x7BA1, 0xFFFF),
	(0x452415B9, 0x951A, 0xFFFF),
	(0x45273EB3, 0x7EB7, 0xFFFF),
	(0x452BC1C3, 0x4E19, 0x00D5),
	(0x452BC1C3, 0x4E5F, 0x00D4),
	(0x453796D7, 0x6DA7, 0xFFFF),
	(0x454BB337, 0x9489, 0xFFFF),
	(0x454DCAC5, 0x6EE1, 0xFFFF),
	(0x45515011, 0x7597, 0xFFFF),
	(0x459ED869, 0x9AA8, 0xFFFF),
	(0x45A2C4F4, 0x80E7, 0xFFFF),
	(0x45AA7525, 0x80C0, 0xFFFF),
	(0x45B4B30D, 0x5417, 0xFFFF),
	(0x45F9B865, 0x5047, 0xFFFF),
	(0x45FDD4AC, 0x9A97, 0xFFFF),
	(0x46029FB1, 0x6545, 0xFFFF),
	(0x4610F9D4, 0x5C96, 0xFFFF),
	(0x46405A8F, 0x86E4, 0xFFFF),
	(0x464A7A72, 0x53A6, 0xFFFF),
	(0x464EC633, 0x643A, 0xFFFF),
	(0x466A3B33, 0x8E31, 0xFFFF),
	(0x46717E00, 0x5429, 0xFFFF),
	(0x468D4781, 0x4EC1, 0xFFFF),
	(0x469285C6, 0x9525, 0xFFFF),
	(0x4694C6AD, 0x97AD, 0xFFFF),
	(0x46A145B8, 0x6D6E, 0xFFFF),
	(0x46AE7C84, 0x606D, 0xFFFF),
	(0x46BE365C, 0x5FF5, 0xFFFF),
	(0x46C480AB, 0x7BF1, 0xFFFF),
	(0x46CC0576, 0x584C, 0xFFFF),
	(0x46CE37CF, 0x5815, 0xFFFF),
	(0x46DBD2D1, 0x7720, 0xFFFF),
	(0x46F3EE19, 0x5238, 0xFFFF),
	(0x4701280C, 0x708E, 0xFFFF),
	(0x471238C2, 0x4EFD, 0xFFFF),
	(0x472C4B74, 0x836F, 0xFFFF),
	(0x47413F06, 0x6F14, 0xFFFF),
	(0x47502E54, 0x5830, 0xFFFF),
	(0x479B418F, 0x8D81, 0xFFFF),
	(0x47AA11D8, 0x6577, 0xFFFF),
	(0x47ABAD97, 0x53DB, 0xFFFF),
	(0x47ABD6C6, 0x8239, 0xFFFF),
	(0x47B03915, 0x4EBF, 0x00AA),
	(0x47B03915, 0x5B85, 0x00A9),
	(0x47B03915, 0x5B9A, 0x00A8),
	(0x47B7688B, 0x5E62, 0xFFFF),
	(0x47B8B3E2, 0x6EE5, 0xFFFF),
	(0x47D609DE, 0x8116, 0xFFFF),
	(0x47E7BE42, 0x68D5, 0xFFFF),
	(0x4846CE8C, 0x59DC, 0x0008),
	(0x4846CE8C, 0x800D, 0x0007),
	(0x484FFE16, 0x706F, 0xFFFF),
	(0x487299D3, 0x5E45, 0xFFFF),
	(0x4872B412, 0x828B, 0xFFFF),
	(0x488CDAB3, 0x53C1, 0xFFFF),
	(0x4891C7B7, 0x6FA1, 0xFFFF),
	(0x489515AF, 0x6C57, 0xFFFF),
	(0x48951B14, 0x6101, 0xFFFF),
	(0x48981BB9, 0x63B0, 0xFFFF),
	(0x48B8C63C, 0x788D, 0xFFFF),
	(0x48D6D8D3, 0x5CE8, 0xFFFF),
	(0x48DB60B7, 0x7434, 0xFFFF),
	(0x48F8D817, 0x5FD8, 0xFFFF),
	(0x48FA9EAD, 0x74F7, 0xFFFF),
	(0x48FF1DDD, 0x67F1, 0xFFFF),
	(0x49094989, 0x59E5, 0xFFFF),
	(0x4911B441, 0x6B8A, 0xFFFF),
	(0x49352F0F, 0x5207, 0xFFFF),
	(0x493B1F1A, 0x636E, 0xFFFF),
	(0x494AEAC7, 0x55C5, 0xFFFF),
	(0x495160AB, 0x5168, 0xFFFF),
	(0x497EFD08, 0x5A7F, 0xFFFF),
	(0x497FA2BB, 0x987B, 0xFFFF),
	(0x498C16BC, 0x59AE, 0xFFFF),
	(0x499EAAD9, 0x853D, 0xFFFF),
	(0x49A8AC31, 0x7AFF, 0xFFFF),
	(0x49CE81A3, 0x8C1A, 0xFFFF),
	(0x49D0D3BD, 0x9E33, 0xFFFF),
	(0x4A43CBC9, 0x68DA, 0xFFFF),
	(0x4A635A57, 0x8FB9, 0xFFFF),
	(0x4A645CEF, 0x6CF3, 0xFFFF),
	(0x4A77E7F1, 0x7965, 0xFFFF),
	(0x4A85F1A0, 0x6301, 0xFFFF),
	(0x4A861F14, 0x6E21, 0xFFFF),
	(0x4AAF1177, 0x79E7, 0xFFFF),
	(0x4AB82889, 0x903E, 0xFFFF),
	(0x4AC8EC22, 0x7A3B, 0xFFFF),
	(0x4AEB7CE3, 0x6912, 0xFFFF),
	(0x4AFDE37B, 0x626D, 0xFFFF),
	(0x4B02B538, 0x9636, 0xFFFF),
	(0x4B09E945, 0x6DA8, 0xFFFF),
	(0x4B3EC7D7, 0x8757, 0xFFFF),
	(0x4B575EA2, 0x4ED1, 0xFFFF),
	(0x4B72B894, 0x718F, 0xFFFF),
	(0x4B7556D4, 0x65CB, 0xFFFF),
	(0x4B7567E5, 0x7C89, 0xFFFF),
	(0x4B782B27, 0x5A1F, 0xFFFF),
	(0x4B7C4197, 0x867E, 0xFFFF),
	(0x4B89A67B, 0x5BE5, 0xFFFF),
	(0x4B8C8166, 0x6B89, 0xFFFF),
	(0x4B9CFB17, 0x8EAB, 0xFFFF),
	(0x4BC0BABC, 0x8BBD, 0xFFFF),
	(0x4BD557D5, 0x5C3F, 0xFFFF),
	(0x4BEF6F3A, 0x78B1, 0xFFFF),
	(0x4C01F205, 0x84DD, 0xFFFF),
	(0x4C37F657, 0x6D4A, 0xFFFF),
	(0x4C613CAA, 0x845B, 0xFFFF),
	(0x4C64F283, 0x5BB3, 0xFFFF),
	(0x4CB1EA37, 0x5F39, 0xFFFF),
	(0x4CBA3C73, 0x714C, 0xFFFF),
	(0x4CD20973, 0x5948, 0x0065),
	(0x4CD20973, 0x6807, 0x0064),
	(0x4CDB4937, 0x542E, 0xFFFF),
	(0x4CE175A7, 0x7C9F, 0xFFFF),
	(0x4CEF2832, 0x8D4B, 0xFFFF),
	(0x4CFD10CF, 0x8BC0, 0xFFFF),
	(0x4D0198B3, 0x62D4, 0xFFFF),
	(0x4D0EC650, 0x6D89, 0xFFFF),
	(0x4D540915, 0x6562, 0xFFFF),
	(0x4D570E1F, 0x8D75, 0xFFFF),
	(0x4D77C79F, 0x592F, 0xFFFF),
	(0x4D79FE56, 0x73ED, 0xFFFF),
	(0x4DAC63DD, 0x7741, 0xFFFF),
	(0x4DAD4D14, 0x644A, 0xFFFF),
	(0x4DB2660F, 0x634D, 0x00C1),
	(0x4DB2660F, 0x634F, 0x00C2),
	(0x4DBBC607, 0x576A, 0x0128),
	(0x4DBBC607, 0x82F9, 0x0127),
	(0x4DF8CF9C, 0x81F3, 0xFFFF),
	(0x4E03478B, 0x7682, 0xFFFF),
	(0x4E1BAFBD, 0x8861, 0xFFFF),
	(0x4E40432B, 0x80A5, 0xFFFF),
	(0x4E54366F, 0x8499, 0xFFFF),
	(0x4E55E63D, 0x6B27, 0xFFFF),
	(0x4E5BB74D, 0x65E5, 0xFFFF),
	(0x4E73C95F, 0x67E0, 0xFFFF),
	(0x4E95FF86, 0x7A91, 0xFFFF),
	(0x4E966C8B, 0x5BA1, 0xFFFF),
	(0x4EC05759, 0x6805, 0xFFFF),
	(0x4EE110D9, 0x73CA, 0xFFFF),
	(0x4EF234F1, 0x5EB6, 0xFFFF),
	(0x4F3D1AA2, 0x52FF, 0xFFFF),
	(0x4F4767B1, 0x547B, 0xFFFF),
	(0x4F517D93, 0x8F9C, 0xFFFF),
	(0x4F54B2A1, 0x660F, 0xFFFF),
	(0x4F735982, 0x8E8F, 0xFFFF),
	(0x4F84BA77, 0x54C0, 0xFFFF),
	(0x4F8891E9, 0x6548, 0xFFFF),
	(0x4F93A8C0, 0x5E9C, 0xFFFF),
	(0x4FAD28FC, 0x7A8D, 0xFFFF),
	(0x4FC1185F, 0x6770, 0xFFFF),
	(0x4FCE116E, 0x6491, 0xFFFF),
	(0x4FDEAE86, 0x8C4C, 0xFFFF),
	(0x4FFC37BB, 0x6B6A, 0xFFFF),
	(0x4FFD539F, 0x7EB3, 0xFFFF),
	(0x503F767B, 0x79D8, 0xFFFF),
	(0x5055A80B, 0x901E, 0xFFFF),
	(0x5077CF97, 0x7F20, 0xFFFF),
	(0x5083810D, 0x9080, 0xFFFF),
	(0x5088E36F, 0x5DE1, 0xFFFF),
	(0x50A97B81, 0x62DF, 0xFFFF),
	(0x50BA663F, 0x6726, 0xFFFF),
	(0x50C724E4, 0x9165, 0xFFFF),
	(0x50C84C6F, 0x6EAA, 0xFFFF),
	(0x50E107EB, 0x53F0, 0xFFFF),
	(0x50E648D9, 0x8273, 0xFFFF),
	(0x50F33C69, 0x6C89, 0xFFFF),
	(0x5117E964, 0x90CA, 0xFFFF),
	(0x5119328A, 0x82CD, 0xFFFF),
	(0x51253A70, 0x61E6, 0xFFFF),
	(0x513B6388, 0x5A9A, 0xFFFF),
	(0x515BA9AA, 0x7B26, 0xFFFF),
	(0x51606B5A, 0x950C, 0xFFFF),
	(0x5163C04A, 0x89E6, 0xFFFF),
	(0x5176F74F, 0x664B, 0xFFFF),
	(0x518E3532, 0x7A46, 0xFFFF),
	(0x51A0376D, 0x8046, 0xFFFF),
	(0x51C191F4, 0x4F20, 0xFFFF),
	(0x51D46B8B, 0x9057, 0xFFFF),
	(0x521C16E2, 0x5F2F, 0xFFFF),
	(0x52261BC1, 0x64A9, 0xFFFF),
	(0x5232EBFA, 0x5C3D, 0xFFFF),
	(0x52348D67, 0x76EF, 0xFFFF),
	(0x52383DDF, 0x5570, 0xFFFF),
	(0x525FABED, 0x62AC, 0xFFFF),
	(0x5265D536, 0x7638, 0xFFFF),
	(0x5289D066, 0x6E38, 0xFFFF),
	(0x528EA008, 0x906E, 0xFFFF),
	(0x52BD15DB, 0x537F, 0xFFFF),
	(0x52C7B455, 0x6363, 0xFFFF),
	(0x52C84B91, 0x7F51, 0xFFFF),
	(0x5302B7AF, 0x7EAA, 0xFFFF),
	(0x5302D9B6, 0x6E7F, 0xFFFF),
	(0x530925E0, 0x9047, 0xFFFF),
	(0x531D48BF, 0x9677, 0xFFFF),
	(0x5329F7E3, 0x7687, 0xFFFF),
	(0x532B6B48, 0x8BA2, 0xFFFF),
	(0x532F310D, 0x5371, 0xFFFF),
	(0x533F6856, 0x7334, 0xFFFF),
	(0x5347BEFD, 0x57A2, 0xFFFF),
	(0x53621CF5, 0x6064, 0xFFFF),
	(0x53663609, 0x5448, 0xFFFF),
	(0x536B09E6, 0x6B66, 0xFFFF),
	(0x537469D2, 0x89C4, 0xFFFF),
	(0x53878498, 0x7199, 0xFFFF),
	(0x5387D2D4, 0x5236, 0xFFFF),
	(0x53AEA479, 0x9769, 0xFFFF),
	(0x53C3DAA5, 0x8212, 0xFFFF),
	(0x53CCDB98, 0x603B, 0xFFFF),
	(0x53D37635, 0x5431, 0xFFFF),
	(0x53E0AB7E, 0x6ED4, 0xFFFF),
	(0x53FAAA30, 0x918B, 0xFFFF),
	(0x540F22CE, 0x7CB1, 0xFFFF),
	(0x5434774B, 0x554A, 0xFFFF),
	(0x5442EEB4, 0x6EE4, 0xFFFF),
	(0x54551E4E, 0x5C06, 0xFFFF),
	(0x546C1600, 0x80E1, 0xFFFF),
	(0x546CB08A, 0x8BC6, 0xFFFF),
	(0x54963AF2, 0x9B44, 0xFFFF),
	(0x549DF82A, 0x5C51, 0xFFFF),
	(0x54A58F12, 0x804A, 0xFFFF),
	(0x54AEEDDD, 0x57A6, 0xFFFF),
	(0x54C8A15B, 0x7678, 0xFFFF),
	(0x54D028ED, 0x6566, 0xFFFF),
	(0x54D858E9, 0x5750, 0xFFFF),
	(0x54DDB1A1, 0x50B2, 0xFFFF),
	(0x5509BA1D, 0x51EF, 0x0054),
	(0x5509BA1D, 0x82B1, 0x0055),
	(0x55288438, 0x5272, 0xFFFF),
	(0x552AE91A, 0x5F27, 0xFFFF),
	(0x552FF5DA, 0x80B2, 0xFFFF),
	(0x553CD1FB, 0x7EA0, 0xFFFF),
	(0x554F635B, 0x54C1, 0xFFFF),
	(0x55533DCA, 0x9539, 0xFFFF),
	(0x555AAAB4, 0x795D, 0xFFFF),
	(0x555EA231, 0x5F84, 0xFFFF),
	(0x55720E45, 0x74E2, 0xFFFF),
	(0x5582D314, 0x89C1, 0xFFFF),
	(0x55897101, 0x5B58, 0xFFFF),
	(0x563F3D1E, 0x5A49, 0xFFFF),
	(0x564ECEEE, 0x6F6D, 0xFFFF),
	(0x56724258, 0x5E76, 0xFFFF),
	(0x5676ADC5, 0x5404, 0xFFFF),
	(0x568FECCE, 0x4FCF, 0x0036),
	(0x568FECCE, 0x5BB5, 0x0038),
	(0x568FECCE, 0x5CED, 0x0037),
	(0x569A7B4C, 0x988A, 0xFFFF),
	(0x56A1C773, 0x4EA9, 0xFFFF),
	(0x56BAD82E, 0x901F, 0xFFFF),
	(0x56C4DDB7, 0x4FEF, 0xFFFF),
	(0x56CA32AD, 0x6254, 0xFFFF),
	(0x56CB3558, 0x4E3D, 0xFFFF),
	(0x56D24319, 0x7164, 0xFFFF),
	(0x56F7371A, 0x5018, 0xFFFF),
	(0x56FE65AE, 0x5B9B, 0x00C6),
	(0x56FE65AE, 0x627C, 0x00C5),
	(0x570B8A6E, 0x62F3, 0xFFFF),
	(0x57149991, 0x62E9, 0xFFFF),
	(0x571BC7F8, 0x6027, 0xFFFF),
	(0x5745A283, 0x7684, 0xFFFF),
	(0x5748C941, 0x9C8D, 0xFFFF),
	(0x574C3D55, 0x79EF, 0xFFFF),
	(0x577BD3BE, 0x7814, 0xFFFF),
	(0x578D6229, 0x7AE3, 0xFFFF),
	(0x57A68F61, 0x6CB8, 0xFFFF),
	(0x57A9695F, 0x832C, 0xFFFF),
	(0x57AE55CD, 0x7BAB, 0xFFFF),
	(0x57CD3D5F, 0x4F53, 0x001A),
	(0x57CD3D5F, 0x9488, 0x0019),
	(0x57EDF6DF, 0x5938, 0xFFFF),
	(0x57F0C27F, 0x5308, 0xFFFF),
	(0x57F271C2, 0x5506, 0xFFFF),
	(0x5824640B, 0x8FE2, 0xFFFF),
	(0x582AE1FB, 0x8D8B, 0xFFFF),
	(0x58450AB9, 0x793E, 0xFFFF),
	(0x5855B26D, 0x5413, 0xFFFF),
	(0x585B852D, 0x5BFB, 0xFFFF),
	(0x586102F3, 0x9020, 0xFFFF),
	(0x58732851, 0x868C, 0xFFFF),
	(0x58816BB2, 0x8D30, 0xFFFF),
	(0x588CE661, 0x67AF, 0xFFFF),
	(0x5893DCC6, 0x8D60, 0xFFFF),
	(0x58A2F944, 0x6869, 0xFFFF),
	(0x58A312D1, 0x51B3, 0xFFFF),
	(0x58A75865, 0x51B0, 0xFFFF),
	(0x58A8497C, 0x6886, 0xFFFF),
	(0x58CD86C3, 0x51F8, 0x0025),
	(0x58CD86C3, 0x51F9, 0x0026),
	(0x58D08892, 0x78F7, 0xFFFF),
	(0x58D6C836, 0x5300, 0xFFFF),
	(0x5908855E, 0x83C7, 0xFFFF),
	(0x591BD8C4, 0x74A7, 0xFFFF),
	(0x59266BCD, 0x902E, 0xFFFF),
	(0x592DD353, 0x80FD, 0xFFFF),
	(0x59460A2D, 0x5BBE, 0xFFFF),
	(0x594E7381, 0x519C, 0xFFFF),
	(0x5974B9D0, 0x6C27, 0xFFFF),
	(0x597E5DE0, 0x8109, 0xFFFF),
	(0x59A5019F, 0x9644, 0xFFFF),
	(0x59AE2638, 0x9970, 0xFFFF),
	(0x59CC6CE7, 0x5E99, 0x00E7),
	(0x59CC6CE7, 0x90AE, 0x00E8),
	(0x59D31CDD, 0x8BAE, 0xFFFF),
	(0x59F0E57A, 0x6000, 0xFFFF),
	(0x59F35E2D, 0x5F20, 0xFFFF),
	(0x5A0498DA, 0x6350, 0xFFFF),
	(0x5A11E502, 0x7206, 0xFFFF),
	(0x5A149245, 0x86AA, 0xFFFF),
	(0x5A195A19, 0x888D, 0xFFFF),
	(0x5A2EFF3F, 0x5242, 0xFFFF),
	(0x5A38073F, 0x9676, 0xFFFF),
	(0x5A39F906, 0x5351, 0xFFFF),
	(0x5A42DB9C, 0x6015, 0xFFFF),
	(0x5A73363D, 0x5B64, 0xFFFF),
	(0x5A92E458, 0x575B, 0xFFFF),
	(0x5AA62560, 0x7EDC, 0xFFFF),
	(0x5AB7207D, 0x6FC0, 0xFFFF),
	(0x5ABB2962, 0x5957, 0xFFFF),
	(0x5AD20499, 0x9EBB, 0xFFFF),
	(0x5AD43F7A, 0x8E6C, 0xFFFF),
	(0x5AD5CB88, 0x542B, 0xFFFF),
	(0x5ADB9F47, 0x5177, 0xFFFF),
	(0x5ADF2FBD, 0x504E, 0xFFFF),
	(0x5AE0C070, 0x7A97, 0xFFFF),
	(0x5AEBA935, 0x7545, 0xFFFF),
	(0x5B003EA4, 0x8BEB, 0xFFFF),
	(0x5B1C74B7, 0x6811, 0xFFFF),
	(0x5B27E850, 0x9519, 0xFFFF),
	(0x5B435119, 0x5C04, 0xFFFF),
	(0x5B65FF99, 0x606F, 0xFFFF),
	(0x5B665124, 0x9610, 0xFFFF),
	(0x5B72B7E3, 0x9E25, 0xFFFF),
	(0x5B915C94, 0x4E01, 0xFFFF),
	(0x5B999AF4, 0x7A81, 0xFFFF),
	(0x5BB2C1BF, 0x56B7, 0xFFFF),
	(0x5BB5ADD2, 0x5C55, 0xFFFF),
	(0x5BB80CA3, 0x9A7C, 0xFFFF),
	(0x5BB9FF61, 0x542F, 0x00AE),
	(0x5BB9FF61, 0x5495, 0x00AF),
	(0x5BC2170C, 0x998F, 0xFFFF),
	(0x5BCAE0E8, 0x7ED3, 0xFFFF),
	(0x5BCBF94E, 0x52B1, 0xFFFF),
	(0x5BF007AD, 0x54AA, 0xFFFF),
	(0x5BF69F2C, 0x4FD8, 0xFFFF),
	(0x5C12F5FA, 0x6DD1, 0xFFFF),
	(0x5C19D947, 0x635E, 0xFFFF),
	(0x5C2A2977, 0x5587, 0xFFFF),
	(0x5C30A274, 0x7EC5, 0xFFFF),
	(0x5C39B144, 0x6DA9, 0xFFFF),
	(0x5C5D4959, 0x8BD5, 0xFFFF),
	(0x5C9565D0, 0x82BD, 0x0079),
	(0x5C9565D0, 0x82C7, 0x0078),
	(0x5C9754C3, 0x6666, 0xFFFF),
	(0x5CB3F282, 0x7B5D, 0xFFFF),
	(0x5CB4C7BC, 0x611A, 0xFFFF),
	(0x5CB8D461, 0x7980, 0xFFFF),
	(0x5CC0EC52, 0x8FF9, 0xFFFF),
	(0x5CCFBB14, 0x5BB0, 0xFFFF),
	(0x5CE95799, 0x4F26, 0xFFFF),
	(0x5CF3EDB7, 0x533A, 0xFFFF),
	(0x5D20415E, 0x6050, 0xFFFF),
	(0x5D35389D, 0x53F6, 0xFFFF),
	(0x5D35C904, 0x5BB9, 0xFFFF),
	(0x5D3CC427, 0x8BA1, 0x009F),
	(0x5D3CC427, 0x8BA9, 0x009E),
	(0x5D3F77A9, 0x95F0, 0xFFFF),
	(0x5D4F345B, 0x660C, 0xFFFF),
	(0x5D69089D, 0x9521, 0xFFFF),
	(0x5D7D2E79, 0x5237, 0xFFFF),
	(0x5D7F1A72, 0x8FC5, 0xFFFF),
	(0x5DBF9839, 0x90ED, 0xFFFF),
	(0x5DE819FE, 0x534F, 0xFFFF),
	(0x5DF3B726, 0x9685, 0xFFFF),
	(0x5E3EEB8E, 0x94F8, 0xFFFF),
	(0x5E6428BB, 0x51F0, 0xFFFF),
	(0x5E6CFB6A, 0x7B4F, 0xFFFF),
	(0x5E7F53EA, 0x62A0, 0xFFFF),
	(0x5E9A0AFF, 0x6CF5, 0xFFFF),
	(0x5EAD1B31, 0x8DE8, 0xFFFF),
	(0x5EBD6D0B, 0x6401, 0xFFFF),
	(0x5EC08973, 0x9965, 0xFFFF),
	(0x5EEBDF24, 0x9091, 0xFFFF),
	(0x5F02C10A, 0x5AC9, 0xFFFF),
	(0x5F4713D2, 0x5783, 0xFFFF),
	(0x5F50ABB8, 0x6D2A, 0xFFFF),
	(0x5F5956E0, 0x5F15, 0x008C),
	(0x5F5956E0, 0x9A6C, 0x008D),
	(0x5F5BDD79, 0x60E6, 0xFFFF),
	(0x5FAEEE13, 0x9661, 0xFFFF),
	(0x5FB43A2E, 0x52AB, 0xFFFF),
	(0x5FCACA0B, 0x656C, 0xFFFF),
	(0x5FDEC848, 0x5CE1, 0xFFFF),
	(0x5FDED834, 0x8BE5, 0xFFFF),
	(0x5FEE8A32, 0x77EB, 0xFFFF),
	(0x5FF8E908, 0x586B, 0xFFFF),
	(0x60217BC9, 0x54FA, 0x00C4),
	(0x60217BC9, 0x553E, 0x00C3),
	(0x60422837, 0x4EE5, 0xFFFF),
	(0x6053E6F1, 0x80C1, 0xFFFF),
	(0x605B562D, 0x5E16, 0x0017),
	(0x605B562D, 0x897F, 0x0018),
	(0x6075B6BA, 0x9551, 0xFFFF),
	(0x60839B37, 0x541E, 0xFFFF),
	(0x60847E82, 0x90D1, 0xFFFF),
	(0x60AF3274, 0x541F, 0xFFFF),
	(0x60B2E2F5, 0x6674, 0xFFFF),
	(0x60D40EE4, 0x6995, 0xFFFF),
	(0x60DC8E37, 0x9645, 0xFFFF),
	(0x615573DE, 0x76FC, 0xFFFF),
	(0x61698CCB, 0x5893, 0xFFFF),
	(0x618C8C2A, 0x505C, 0xFFFF),
	(0x618E753D, 0x89D2, 0xFFFF),
	(0x619C3FF3, 0x4E8C, 0xFFFF),
	(0x61A80F43, 0x66B4, 0xFFFF),
	(0x61C0526F, 0x69A8, 0xFFFF),
	(0x61EDDFEA, 0x5219, 0xFFFF),
	(0x621E2B3B, 0x72AF, 0xFFFF),
	(0x6236434B, 0x6E24, 0xFFFF),
	(0x625CFC4D, 0x70AE, 0xFFFF),
	(0x625E4573, 0x4F84, 0xFFFF),
	(0x626544B6, 0x96B6, 0xFFFF),
	(0x62831C53, 0x7529, 0xFFFF),
	(0x62A1113B, 0x529F, 0xFFFF),
	(0x62B5A18F, 0x6284, 0xFFFF),
	(0x62DDFC57, 0x5740, 0x0121),
	(0x62DDFC57, 0x5E84, 0x0122),
	(0x62E87BD6, 0x6414, 0xFFFF),
	(0x62FC0F1B, 0x78B3, 0xFFFF),
	(0x6307709B, 0x5BE1, 0xFFFF),
	(0x632A7058, 0x6816, 0xFFFF),
	(0x634000BD, 0x544A, 0x00CE),
	(0x634000BD, 0x548B, 0x00CD),
	(0x634D4AF4, 0x895F, 0xFFFF),
	(0x6354136E, 0x865A, 0xFFFF),
	(0x635CD2ED, 0x4EAB, 0xFFFF),
	(0x63679061, 0x7FD4, 0xFFFF),
	(0x63719048, 0x83B2, 0xFFFF),
	(0x637B6647, 0x75E2, 0xFFFF),
	(0x638A26D8, 0x9A7E, 0xFFFF),
	(0x639B1635, 0x4F1E, 0xFFFF),
	(0x63A15A9F, 0x4EFB, 0x0029),
	(0x63A15A9F, 0x4F5C, 0x002A),
	(0x63A6789F, 0x521B, 0xFFFF),
	(0x63C12A0C, 0x7409, 0xFFFF),
	(0x63C8469B, 0x8BF2, 0xFFFF),
	(0x63D1AC2B, 0x7736, 0xFFFF),
	(0x63E894EE, 0x6EE8, 0xFFFF),
	(0x63EADD4B, 0x7231, 0xFFFF),
	(0x63F6353D, 0x53D6, 0xFFFF),
	(0x6409772A, 0x9752, 0xFFFF),
	(0x645A5B28, 0x8BFD, 0xFFFF),
	(0x647159F1, 0x5FB7, 0xFFFF),
	(0x64738617, 0x7A83, 0xFFFF),
	(0x648A7F27, 0x6627, 0xFFFF),
	(0x64911EDE, 0x9CD6, 0xFFFF),
	(0x64924CB5, 0x868A, 0xFFFF),
	(0x64BA0083, 0x95F7, 0xFFFF),
	(0x64C2DD23, 0x6D6A, 0xFFFF),
	(0x64C55E33, 0x76D8, 0xFFFF),
	(0x64C69B43, 0x7985, 0xFFFF),
	(0x65020BE8, 0x7F72, 0xFFFF),
	(0x652E1826, 0x99A8, 0xFFFF),
	(0x65481F0F, 0x4F18, 0xFFFF),
	(0x655FDE7E, 0x5D1B, 0xFFFF),
	(0x6575E8AB, 0x751C, 0xFFFF),
	(0x657ED8DD, 0x5AB3, 0xFFFF),
	(0x65A2B573, 0x4E59, 0x0062),
	(0x65A2B573, 0x51E0, 0x0063),
	(0x65A2B573, 0x5DE6, 0x0061),
	(0x65A2B573, 0x6728, 0x005F),
	(0x65A2B573, 0x751F, 0x0060),
	(0x65B12BFD, 0x8521, 0xFFFF),
	(0x65C51FF0, 0x53A8, 0xFFFF),
	(0x65C706B1, 0x518C, 0x00EF),
	(0x65C706B1, 0x7F9E, 0x00F0),
	(0x6609FB07, 0x6342, 0xFFFF),
	(0x665ABD47, 0x6F6E, 0xFFFF),
	(0x669E6B13, 0x6EA2, 0xFFFF),
	(0x66C7FDF9, 0x7EC7, 0xFFFF),
	(0x66D6A5B5, 0x8FC7, 0xFFFF),
	(0x66E48D16, 0x5BF8, 0xFFFF),
	(0x66FCD486, 0x8857, 0xFFFF),
	(0x66FE1D96, 0x6DEB, 0xFFFF),
	(0x67054696, 0x5188, 0xFFFF),
	(0x670AE370, 0x5BA0, 0xFFFF),
	(0x673A305B, 0x7F18, 0xFFFF),
	(0x6748802C, 0x5389, 0xFFFF),
	(0x6786C6AF, 0x778E, 0xFFFF),
	(0x678FDF53, 0x7F6A, 0xFFFF),
	(0x67AAAC62, 0x5854, 0xFFFF),
	(0x67CD5F34, 0x7A9D, 0xFFFF),
	(0x67E4D67A, 0x5BFF, 0xFFFF),
	(0x67E793E9, 0x9576, 0xFFFF),
	(0x67F0CB6F, 0x5170, 0xFFFF),
	(0x6804E784, 0x54DF, 0xFFFF),
	(0x683D58DB, 0x70E6, 0xFFFF),
	(0x68520B03, 0x8D74, 0xFFFF),
	(0x6857CFF7, 0x9E1F, 0xFFFF),
	(0x6867A49D, 0x52D8, 0xFFFF),
	(0x68A5D156, 0x864F, 0xFFFF),
	(0x68B9668F, 0x9508, 0xFFFF),
	(0x68BE7791, 0x854A, 0xFFFF),
	(0x68E7EE9F, 0x6E23, 0xFFFF),
	(0x68EA8B0D, 0x6C0F, 0xFFFF),
	(0x68F3BEB4, 0x5962, 0xFFFF),
	(0x690262F4, 0x83E0, 0xFFFF),
	(0x690786D5, 0x5F6A, 0xFFFF),
	(0x69430BDC, 0x630E, 0xFFFF),
	(0x694CBF80, 0x5C4E, 0xFFFF),
	(0x696A00F8, 0x64CE, 0xFFFF),
	(0x696D1CBC, 0x5751, 0xFFFF),
	(0x69979FC7, 0x5792, 0xFFFF),
	(0x699C2846, 0x547D, 0xFFFF),
	(0x699C906F, 0x8D3B, 0xFFFF),
	(0x69AB4CB9, 0x54C8, 0xFFFF),
	(0x69D2A407, 0x9AD8, 0xFFFF),
	(0x69E1C8C6, 0x68EE, 0xFFFF),
	(0x69E36412, 0x5A01, 0xFFFF),
	(0x69E9F126, 0x5DE7, 0x0027),
	(0x69E9F126, 0x6B20, 0x0028),
	(0x6A14CF64, 0x706B, 0xFFFF),
	(0x6A1D579C, 0x8682, 0xFFFF),
	(0x6A22C2CB, 0x96C1, 0xFFFF),
	(0x6A88F1CF, 0x7A3D, 0xFFFF),
	(0x6A990934, 0x52A9, 0xFFFF),
	(0x6A99879A, 0x60B2, 0xFFFF),
	(0x6A9DA618, 0x6CBE, 0xFFFF),
	(0x6ABA4736, 0x6CAE, 0xFFFF),
	(0x6AC6A496, 0x508D, 0xFFFF),
	(0x6ADC1155, 0x9E2D, 0xFFFF),
	(0x6B026A46, 0x4F36, 0xFFFF),
	(0x6B0832BC, 0x8017, 0xFFFF),
	(0x6B11B052, 0x4FA5, 0xFFFF),
	(0x6B16CA21, 0x6E9C, 0xFFFF),
	(0x6B267A00, 0x50FB, 0xFFFF),
	(0x6B2E3C2C, 0x4E13, 0x004F),
	(0x6B2E3C2C, 0x4E5D, 0x0050),
	(0x6B58A405, 0x57C2, 0xFFFF),
	(0x6B6085B8, 0x56FE, 0xFFFF),
	(0x6B73550F, 0x52C9, 0xFFFF),
	(0x6B7483FA, 0x6751, 0xFFFF),
	(0x6B809952, 0x660E, 0xFFFF),
	(0x6B8BFC07, 0x5203, 0x0126),
	(0x6B8BFC07, 0x5E78, 0x0125),
	(0x6BA3BE14, 0x86EE, 0xFFFF),
	(0x6BA43955, 0x51D1, 0xFFFF),
	(0x6BA52DC1, 0x8925, 0xFFFF),
	(0x6BA6A426, 0x7EC3, 0xFFFF),
	(0x6BAF5F68, 0x94A0, 0xFFFF),
	(0x6BB0D623, 0x4F2F, 0xFFFF),
	(0x6BCD820C, 0x7EC6, 0xFFFF),
	(0x6BDD5AAF, 0x5220, 0xFFFF),
	(0x6BE01BFD, 0x5F3A, 0xFFFF),
	(0x6BEC820C, 0x6848, 0xFFFF),
	(0x6C0E9373, 0x6E58, 0xFFFF),
	(0x6C14EF66, 0x6323, 0xFFFF),
	(0x6C1AC70C, 0x5F7C, 0xFFFF),
	(0x6C21CDE4, 0x9B54, 0xFFFF),
	(0x6C3DE32D, 0x9885, 0xFFFF),
	(0x6C408FA3, 0x79E4, 0xFFFF),
	(0x6C575D8C, 0x97F5, 0xFFFF),
	(0x6C65D6CA, 0x6866, 0xFFFF),
	(0x6C7DEC5F, 0x89C8, 0xFFFF),
	(0x6C8042C3, 0x6563, 0xFFFF),
	(0x6C845892, 0x5D29, 0xFFFF),
	(0x6C919221, 0x5B66, 0xFFFF),
	(0x6CA0175D, 0x83BA, 0xFFFF),
	(0x6CC42403, 0x88C5, 0xFFFF),
	(0x6CC67356, 0x67F4, 0xFFFF),
	(0x6CC7F4D6, 0x63B7, 0xFFFF),
	(0x6CE86159, 0x7EE2, 0xFFFF),
	(0x6CEE1985, 0x901D, 0xFFFF),
	(0x6CEFC304, 0x9499, 0xFFFF),
	(0x6CF3A734, 0x8FDB, 0xFFFF),
	(0x6D10ED66, 0x7A7F, 0xFFFF),
	(0x6D21F797, 0x7EAF, 0xFFFF),
	(0x6D35FB00, 0x8D85, 0xFFFF),
	(0x6D4A98DA, 0x5F79, 0xFFFF),
	(0x6D6A720F, 0x754F, 0xFFFF),
	(0x6D71253F, 0x4E00, 0xFFFF),
	(0x6D87FD3C, 0x680B, 0xFFFF),
	(0x6D886BCF, 0x8D3A, 0xFFFF),
	(0x6D93EBFD, 0x88D5, 0xFFFF),
	(0x6DB73E78, 0x6070, 0xFFFF),
	(0x6DBE1E00, 0x6001, 0xFFFF),
	(0x6DC21761, 0x6177, 0xFFFF),
	(0x6DF2487B, 0x72C2, 0xFFFF),
	(0x6DF42E71, 0x7C98, 0xFFFF),
	(0x6E134BC3, 0x7559, 0xFFFF),
	(0x6E2C56CB, 0x535A, 0xFFFF),
	(0x6E6CEC11, 0x8DF7, 0xFFFF),
	(0x6E73487F, 0x6843, 0xFFFF),
	(0x6E95C85D, 0x8180, 0xFFFF),
	(0x6EACE22B, 0x64B5, 0xFFFF),
	(0x6EF001A9, 0x6C81, 0xFFFF),
	(0x6F044A76, 0x9F13, 0xFFFF),
	(0x6F058024, 0x4EF7, 0xFFFF),
	(0x6F1B196D, 0x8349, 0xFFFF),
	(0x6F25A4B9, 0x8511, 0xFFFF),
	(0x6F540253, 0x8D35, 0xFFFF),
	(0x6F6231B8, 0x9E35, 0xFFFF),
	(0x6F6A2034, 0x6EDE, 0xFFFF),
	(0x6F744D6E, 0x62ED, 0xFFFF),
	(0x6F77E4DC, 0x6297, 0xFFFF),
	(0x6F9442AF, 0x73A9, 0xFFFF),
	(0x6F98CA93, 0x53E8, 0xFFFF),
	(0x6FA23D02, 0x723D, 0xFFFF),
	(0x6FB5DF7A, 0x5229, 0xFFFF),
	(0x6FB7E75D, 0x6D0B, 0xFFFF),
	(0x6FEFF2C8, 0x6B65, 0xFFFF),
	(0x6FF448A7, 0x846C, 0xFFFF),
	(0x6FFB396B, 0x538B, 0xFFFF),
	(0x70165611, 0x6756, 0x0105),
	(0x70165611, 0x6797, 0x0106),
	(0x7034BE2F, 0x853C, 0xFFFF),
	(0x7053D505, 0x629A, 0xFFFF),
	(0x706CD08F, 0x52B2, 0xFFFF),
	(0x70A73E34, 0x6A59, 0xFFFF),
	(0x70AA8E17, 0x8A93, 0xFFFF),
	(0x70D83F81, 0x8BBE, 0xFFFF),
	(0x70E0D205, 0x60F0, 0xFFFF),
	(0x70F9EA01, 0x9E4A, 0xFFFF),
	(0x71015077, 0x6CDE, 0xFFFF),
	(0x7124CD3D, 0x5BC7, 0xFFFF),
	(0x71409A68, 0x62A4, 0xFFFF),
	(0x71574333, 0x65C1, 0xFFFF),
	(0x7159D90B, 0x7262, 0xFFFF),
	(0x719413A1, 0x6DE4, 0xFFFF),
	(0x71A5A434, 0x5A6A, 0xFFFF),
	(0x71D08C37, 0x7940, 0xFFFF),
	(0x71E779B1, 0x4F69, 0xFFFF),
	(0x7208DC4F, 0x8E22, 0xFFFF),
	(0x72207D7D, 0x964C, 0xFFFF),
	(0x7221F0E2, 0x5B88, 0xFFFF),
	(0x72224413, 0x86CB, 0x0032),
	(0x72224413, 0x86DB, 0x0033),
	(0x72406C9B, 0x94DD, 0xFFFF),
	(0x726729A7, 0x5937, 0xFFFF),
	(0x7299A6BF, 0x52A8, 0xFFFF),
	(0x72CF273D, 0x6D82, 0xFFFF),
	(0x72E64C02, 0x75AF, 0xFFFF),
	(0x72FBE3EC, 0x52FA, 0xFFFF),
	(0x7304131C, 0x62E8, 0xFFFF),
	(0x73051793, 0x8FDC, 0xFFFF),
	(0x730B7116, 0x886B, 0xFFFF),
	(0x730C6386, 0x6842, 0xFFFF),
	(0x7310F28C, 0x82A5, 0xFFFF),
	(0x73229CBF, 0x8361, 0xFFFF),
	(0x734829DA, 0x6073, 0xFFFF),
	(0x734C1E25, 0x5BBD, 0xFFFF),
	(0x735DE852, 0x5199, 0xFFFF),
	(0x7379C554, 0x7126, 0xFFFF),
	(0x73A12DF1, 0x6D25, 0xFFFF),
	(0x73A74955, 0x6C61, 0xFFFF),
	(0x73AEAAFF, 0x5978, 0xFFFF),
	(0x73BE5EE9, 0x4EC7, 0x0022),
	(0x73BE5EE9, 0x4EFF, 0x0021),
	(0x73F27C6B, 0x6052, 0xFFFF),
	(0x73F72577, 0x503C, 0xFFFF),
	(0x73FB2FC6, 0x8E81, 0xFFFF),
	(0x73FB4A05, 0x8D70, 0xFFFF),
	(0x74034093, 0x5F70, 0xFFFF),
	(0x741C0385, 0x961F, 0xFFFF),
	(0x7421FCFB, 0x76CF, 0xFFFF),
	(0x74362C43, 0x7948, 0xFFFF),
	(0x74389877, 0x7537, 0xFFFF),
	(0x743C2BFE, 0x6E7E, 0xFFFF),
	(0x7445F99B, 0x7F06, 0xFFFF),
	(0x74473E5F, 0x95F4, 0xFFFF),
	(0x74782D95, 0x8BEF, 0xFFFF),
	(0x747967A9, 0x7483, 0xFFFF),
	(0x74824F7F, 0x5F25, 0xFFFF),
	(0x749C2751, 0x54A8, 0xFFFF),
	(0x74FB59A1, 0x60AC, 0xFFFF),
	(0x75229B97, 0x5777, 0xFFFF),
	(0x753080DC, 0x8C61, 0xFFFF),
	(0x7534A09B, 0x7CD6, 0xFFFF),
	(0x753ECCFF, 0x4E0B, 0xFFFF),
	(0x753F950B, 0x4E38, 0xFFFF),
	(0x754E145B, 0x9896, 0xFFFF),
	(0x75699931, 0x6487, 0xFFFF),
	(0x757A54DB, 0x82D7, 0xFFFF),
	(0x757BB81B, 0x6211, 0xFFFF),
	(0x75965906, 0x5907, 0xFFFF),
	(0x759FD675, 0x8C41, 0xFFFF),
	(0x75A3EE7D, 0x7167, 0xFFFF),
	(0x75BE0FDA, 0x76C6, 0xFFFF),
	(0x75C9E4A0, 0x526F, 0xFFFF),
	(0x75E93FD5, 0x6628, 0xFFFF),
	(0x760147FC, 0x5C81, 0xFFFF),
	(0x760E0325, 0x5E7D, 0xFFFF),
	(0x763636EF, 0x9876, 0xFFFF),
	(0x7642BD99, 0x7D2B, 0xFFFF),
	(0x7646EDC0, 0x66D9, 0xFFFF),
	(0x765A597A, 0x5C11, 0xFFFF),
	(0x765F1625, 0x8717, 0xFFFF),
	(0x76657519, 0x7EF5, 0xFFFF),
	(0x766A7BB9, 0x4EAC, 0xFFFF),
	(0x766B5896, 0x9570, 0xFFFF),
	(0x767E8BE3, 0x7EB9, 0xFFFF),
	(0x76A11AC9, 0x53F2, 0x00EE),
	(0x76A11AC9, 0x6709, 0x00ED),
	(0x76B66D5E, 0x8BAD, 0xFFFF),
	(0x76C629C6, 0x6076, 0xFFFF),
	(0x76E0AAE8, 0x8BF8, 0xFFFF),
	(0x77135B0B, 0x6668, 0xFFFF),
	(0x77158BCC, 0x94A7, 0xFFFF),
	(0x77403E41, 0x859B, 0xFFFF),
	(0x7741265D, 0x5B55, 0x00CC),
	(0x7741265D, 0x62D9, 0x00CB),
	(0x7741ACCC, 0x60A3, 0xFFFF),
	(0x7744B91D, 0x6F20, 0xFFFF),
	(0x774DF002, 0x5BC5, 0xFFFF),
	(0x774FAB9F, 0x8E4B, 0xFFFF),
	(0x7764AAD4, 0x5FBD, 0xFFFF),
	(0x7774D903, 0x7ED9, 0xFFFF),
	(0x7780778E, 0x50A8, 0xFFFF),
	(0x77E65A96, 0x7CE0, 0xFFFF),
	(0x785E029D, 0x6295, 0xFFFF),
	(0x7863D15E, 0x5146, 0xFFFF),
	(0x788FAC56, 0x8DEA, 0xFFFF),
	(0x7890244E, 0x8584, 0xFFFF),
	(0x78D04AE3, 0x7D2F, 0xFFFF),
	(0x78D2BC22, 0x68A8, 0xFFFF),
	(0x78D52774, 0x6D78, 0xFFFF),
	(0x78F869A3, 0x6444, 0xFFFF),
	(0x791D88FC, 0x7FB9, 0xFFFF),
	(0x792E38E2, 0x8113, 0xFFFF),
	(0x79374F3E, 0x8BB0, 0xFFFF),
	(0x79406625, 0x9157, 0xFFFF),
	(0x795E7012, 0x5B7D, 0xFFFF),
	(0x79649C31, 0x6C13, 0xFFFF),
	(0x797031DE, 0x9F50, 0xFFFF),
	(0x79A4D4ED, 0x8427, 0xFFFF),
	(0x79A9325B, 0x5FC5, 0xFFFF),
	(0x79B11EE2, 0x5C40, 0xFFFF),
	(0x79B22B3B, 0x950B, 0xFFFF),
	(0x79BFA898, 0x810F, 0xFFFF),
	(0x79E153FD, 0x6930, 0xFFFF),
	(0x79F321FC, 0x75D2, 0xFFFF),
	(0x7A08AB59, 0x6BE1, 0xFFFF),
	(0x7A1CD463, 0x9C9C, 0xFFFF),
	(0x7A58B9BD, 0x9171, 0xFFFF),
	(0x7A6AE886, 0x573A, 0xFFFF),
	(0x7A887CE6, 0x80A2, 0xFFFF),
	(0x7AD00A1F, 0x7279, 0xFFFF),
	(0x7B27F854, 0x5E8F, 0x0120),
	(0x7B27F854, 0x5E93, 0x011F),
	(0x7B287D66, 0x8D2B, 0xFFFF),
	(0x7B32BCC2, 0x60DF, 0xFFFF),
	(0x7B43A9FB, 0x9524, 0xFFFF),
	(0x7B4A786A, 0x4E91, 0x007E),
	(0x7B4A786A, 0x4E95, 0x007F),
	(0x7B51F347, 0x62C4, 0xFFFF),
	(0x7B6005E4, 0x653F, 0xFFFF),
	(0x7B67F641, 0x5490, 0xFFFF),
	(0x7B78046E, 0x4F63, 0xFFFF),
	(0x7BADDFD0, 0x8D63, 0xFFFF),
	(0x7BB02169, 0x62B1, 0xFFFF),
	(0x7BCBA560, 0x76DF, 0xFFFF),
	(0x7BF407F5, 0x4E14, 0x00B3),
	(0x7BF407F5, 0x5415, 0x00B2),
	(0x7BF407F5, 0x56DE, 0x00B4),
	(0x7BF407F5, 0x65E7, 0x00B0),
	(0x7BF407F5, 0x76BF, 0x00B5),
	(0x7BF407F5, 0x76EE, 0x00B1),
	(0x7BFD2047, 0x76F8, 0xFFFF),
	(0x7C147D7D, 0x6467, 0xFFFF),
	(0x7C20FFA5, 0x6E29, 0xFFFF),
	(0x7C3A87BC, 0x6BB5, 0xFFFF),
	(0x7C4F2DA1, 0x70DB, 0xFFFF),
	(0x7C8FC7DF, 0x900A, 0xFFFF),
	(0x7CA65B6F, 0x8FEB, 0xFFFF),
	(0x7CCCAD16, 0x6276, 0x0076),
	(0x7CCCAD16, 0x62C6, 0x0077),
	(0x7CCE26DC, 0x5951, 0xFFFF),
	(0x7CD1EBA3, 0x761F, 0xFFFF),
	(0x7CD6ED84, 0x5C94, 0xFFFF),
	(0x7CDC8CAA, 0x809D, 0xFFFF),
	(0x7CDCB02B, 0x52D2, 0xFFFF),
	(0x7D07C7C3, 0x6682, 0xFFFF),
	(0x7D4007BE, 0x618B, 0xFFFF),
	(0x7D459654, 0x7A7A, 0xFFFF),
	(0x7D664FD4, 0x5171, 0xFFFF),
	(0x7DAA7664, 0x68D8, 0xFFFF),
	(0x7DBC3E19, 0x8BC8, 0xFFFF),
	(0x7E101F63, 0x5F52, 0xFFFF),
	(0x7E28A788, 0x54B8, 0xFFFF),
	(0x7E2F0481, 0x6D17, 0xFFFF),
	(0x7E40C420, 0x6F31, 0xFFFF),
	(0x7E4E0F1C, 0x68B3, 0xFFFF),
	(0x7E72E236, 0x6324, 0xFFFF),
	(0x7EA37212, 0x5524, 0xFFFF),
	(0x7ED42AA1, 0x8DD1, 0xFFFF),
	(0x7EE152A5, 0x8272, 0xFFFF),
	(0x7EE1B6EE, 0x608D, 0xFFFF),
	(0x7EE378FE, 0x6FD2, 0xFFFF),
	(0x7EEC5695, 0x94AE, 0xFFFF),
	(0x7EED3F08, 0x7F24, 0xFFFF),
	(0x7F0F9629, 0x626B, 0xFFFF),
	(0x7F1D8D5B, 0x563F, 0xFFFF),
	(0x7F3F245C, 0x6DA4, 0xFFFF),
	(0x7F588C62, 0x8C8C, 0xFFFF),
	(0x7F60D226, 0x604B, 0xFFFF),
	(0x7F6666D3, 0x8D50, 0xFFFF),
	(0x7F685AFE, 0x7CD5, 0xFFFF),
	(0x7F6D55F0, 0x5947, 0xFFFF),
	(0x7F9AA0A0, 0x7960, 0xFFFF),
	(0x7FAB9345, 0x9877, 0x0088),
	(0x7FAB9345, 0x9879, 0x0089),
	(0x7FD21126, 0x949D, 0xFFFF),
	(0x7FD7B7A1, 0x8C0D, 0xFFFF),
	(0x8012A0DB, 0x4EC0, 0xFFFF),
	(0x80316BAB, 0x82DE, 0xFFFF),
	(0x80345938, 0x56E4, 0x0084),
	(0x80345938, 0x77E5, 0x0083),
	(0x8038671B, 0x65F7, 0xFFFF),
	(0x8066BAA4, 0x8D4C, 0xFFFF),
	(0x8075BCEE, 0x54A7, 0xFFFF),
	(0x807BA0B1, 0x65ED, 0xFFFF),
	(0x808DC8C7, 0x730E, 0xFFFF),
	(0x80A3F6FB, 0x5439, 0xFFFF),
	(0x80B82024, 0x8FF7, 0xFFFF),
	(0x80C5050C, 0x6307, 0xFFFF),
	(0x80FF05AB, 0x7AED, 0xFFFF),
	(0x8129F2DA, 0x75DB, 0xFFFF),
	(0x812EC104, 0x6DCC, 0xFFFF),
	(0x81300719, 0x5C1D, 0xFFFF),
	(0x8139D3C0, 0x5375, 0xFFFF),
	(0x8170C1F0, 0x60D5, 0xFFFF),
	(0x8193D6FD, 0x4E86, 0xFFFF),
	(0x819796D5, 0x73E0, 0xFFFF),
	(0x81AB90D5, 0x78D5, 0xFFFF),
	(0x81BBB3D3, 0x72F0, 0xFFFF),
	(0x81BC797D, 0x6E20, 0xFFFF),
	(0x81BEB546, 0x5632, 0xFFFF),
	(0x81C06F3D, 0x9699, 0xFFFF),
	(0x81C70959, 0x6B22, 0xFFFF),
	(0x81D0B060, 0x95EF, 0xFFFF),
	(0x8250A3AA, 0x4F59, 0xFFFF),
	(0x828E824D, 0x8DCB, 0xFFFF),
	(0x82AFCC1F, 0x8FEA, 0xFFFF),
	(0x82B899B9, 0x6790, 0xFFFF),
	(0x832E75B0, 0x59B9, 0xFFFF),
	(0x8332A24F, 0x6D1B, 0xFFFF),
	(0x833F3E90, 0x8BB3, 0xFFFF),
	(0x837242CA, 0x8C1C, 0xFFFF),
	(0x83735C76, 0x7F5A, 0xFFFF),
	(0x83C6044D, 0x7184, 0xFFFF),
	(0x83C60B81, 0x58F3, 0xFFFF),
	(0x84071899, 0x6454, 0xFFFF),
	(0x840EF1D7, 0x8822, 0xFFFF),
	(0x843907CF, 0x675C, 0xFFFF),
	(0x84D844E9, 0x4FAE, 0xFFFF),
	(0x84EC2C31, 0x532A, 0xFFFF),
	(0x8510926D, 0x7329, 0xFFFF),
	(0x8519E298, 0x5501, 0xFFFF),
	(0x852008EB, 0x60EB, 0xFFFF),
	(0x852D0E74, 0x70F9, 0xFFFF),
	(0x85395133, 0x98CE, 0xFFFF),
	(0x85493AE5, 0x4E1A, 0xFFFF),
	(0x855BD149, 0x4E16, 0x008F),
	(0x855BD149, 0x4E8F, 0x008E),
	(0x856067B9, 0x53E0, 0xFFFF),
	(0x85637345, 0x8FD0, 0xFFFF),
	(0x8573E211, 0x6233, 0xFFFF),
	(0x857D4F9B, 0x6C5F, 0xFFFF),
	(0x858093D4, 0x8702, 0xFFFF),
	(0x85A11032, 0x9776, 0xFFFF),
	(0x85C98697, 0x6C7D, 0xFFFF),
	(0x85CA764D, 0x60ED, 0xFFFF),
	(0x85CF3505, 0x55DC, 0xFFFF),
	(0x8606909E, 0x666F, 0xFFFF),
	(0x860E7926, 0x6850, 0xFFFF),
	(0x8618E117, 0x594F, 0xFFFF),
	(0x8636AC51, 0x9E23, 0xFFFF),
	(0x86537B39, 0x6123, 0xFFFF),
	(0x8666F76C, 0x5014, 0xFFFF),
	(0x86818DBC, 0x8FDD, 0xFFFF),
	(0x868F4959, 0x503A, 0xFFFF),
	(0x869D8DAD, 0x574A, 0x0090),
	(0x869D8DAD, 0x9632, 0x0091),
	(0x86A10A2C, 0x4E1B, 0xFFFF),
	(0x86BB37BB, 0x75B2, 0x00D7),
	(0x86BB37BB, 0x88AB, 0x00D6),
	(0x86DE05F5, 0x6293, 0xFFFF),
	(0x86E49D87, 0x53C9, 0xFFFF),
	(0x86F8129B, 0x4EB2, 0xFFFF),
	(0x871F5DB6, 0x4E88, 0x00A2),
	(0x871F5DB6, 0x5347, 0x00A4),
	(0x871F5DB6, 0x5929, 0x00A0),
	(0x871F5DB6, 0x5E01, 0x00A5),
	(0x871F5DB6, 0x800C, 0x00A1),
	(0x871F5DB6, 0x8F66, 0x00A3),
	(0x874E5787, 0x5C5E, 0xFFFF),
	(0x87582401, 0x9738, 0xFFFF),
	(0x8777A8B3, 0x5C16, 0xFFFF),
	(0x878FC549, 0x5C34, 0xFFFF),
	(0x879749FD, 0x5988, 0xFFFF),
	(0x87B0E48A, 0x6DC0, 0xFFFF),
	(0x87C54252, 0x9189, 0xFFFF),
	(0x87ED6DCF, 0x968B, 0xFFFF),
	(0x87F09AB3, 0x51FF, 0xFFFF),
	(0x880D9599, 0x8E48, 0xFFFF),
	(0x882BC51A, 0x75C5, 0xFFFF),
	(0x883A0067, 0x7A1A, 0xFFFF),
	(0x883AD7D5, 0x563B, 0xFFFF),
	(0x8848DA01, 0x4E27, 0xFFFF),
	(0x884AFA5C, 0x6325, 0xFFFF),
	(0x8854825C, 0x6F02, 0xFFFF),
	(0x885855E5, 0x5E87, 0xFFFF),
	(0x8863CE8D, 0x5E97, 0xFFFF),
	(0x88717376, 0x6020, 0xFFFF),
	(0x8880E374, 0x5411, 0xFFFF),
	(0x8883B56F, 0x88AD, 0xFFFF),
	(0x88882B63, 0x68CB, 0xFFFF),
	(0x8890F736, 0x78BE, 0xFFFF),
	(0x889486B6, 0x8FA9, 0xFFFF),
	(0x8894F87C, 0x6320, 0xFFFF),
	(0x88B6DECB, 0x8D25, 0xFFFF),
	(0x88C44524, 0x5F03, 0xFFFF),
	(0x88D72F39, 0x818F, 0xFFFF),
	(0x88FEBB94, 0x5206, 0xFFFF),
	(0x89035523, 0x575A, 0xFFFF),
	(0x890ED01F, 0x8131, 0xFFFF),
	(0x89137450, 0x7194, 0xFFFF),
	(0x8917347E, 0x60A6, 0xFFFF),
	(0x89175503, 0x6405, 0xFFFF),
	(0x891B0088, 0x88E4, 0xFFFF),
	(0x8932B8B3, 0x4F46, 0xFFFF),
	(0x89588E09, 0x4E58, 0xFFFF),
	(0x896BA37B, 0x5E06, 0xFFFF),
	(0x8971F6B8, 0x65CF, 0xFFFF),
	(0x8973E76D, 0x53EC, 0xFFFF),
	(0x89742BB3, 0x7531, 0x0046),
	(0x89742BB3, 0x7532, 0x0047),
	(0x898744FD, 0x72E0, 0xFFFF),
	(0x8999AD79, 0x73B0, 0xFFFF),
	(0x899F4375, 0x5FE7, 0xFFFF),
	(0x899FEF4E, 0x58C1, 0xFFFF),
	(0x89A3D508, 0x6C34, 0xFFFF),
	(0x89BBBBAB, 0x6885, 0xFFFF),
	(0x89CB8E30, 0x9177, 0xFFFF),
	(0x89DEB529, 0x65F6, 0xFFFF),
	(0x89E2FBEF, 0x87CB, 0xFFFF),
	(0x89E6F025, 0x8BE6, 0xFFFF),
	(0x89E8DC1A, 0x9981, 0xFFFF),
	(0x89EBBA61, 0x9E26, 0xFFFF),
	(0x8A1C1EBD, 0x62A1, 0xFFFF),
	(0x8A227EAD, 0x8FB1, 0xFFFF),
	(0x8A4300AD, 0x627F, 0xFFFF),
	(0x8A71B6A5, 0x6469, 0xFFFF),
	(0x8A746FD9, 0x95F8, 0xFFFF),
	(0x8AC3CC87, 0x866B, 0xFFFF),
	(0x8AEC1191, 0x7ACB, 0xFFFF),
	(0x8AFA7DF3, 0x5EAD, 0xFFFF),
	(0x8B072E37, 0x5320, 0xFFFF),
	(0x8B0CF93E, 0x59BB, 0xFFFF),
	(0x8B188326, 0x8A00, 0xFFFF),
	(0x8B23CDA1, 0x94D0, 0xFFFF),
	(0x8B28CB02, 0x8350, 0xFFFF),
	(0x8B41ABF2, 0x69FD, 0xFFFF),
	(0x8B4A9978, 0x4F0F, 0xFFFF),
	(0x8B540305, 0x4F4F, 0xFFFF),
	(0x8B625519, 0x5A5A, 0xFFFF),
	(0x8B6A8AA4, 0x7EA4, 0xFFFF),
	(0x8B702E0D, 0x722C, 0xFFFF),
	(0x8B80C61C, 0x65D7, 0xFFFF),
	(0x8B864784, 0x5440, 0xFFFF),
	(0x8B8FD23D, 0x8005, 0xFFFF),
	(0x8B9AD92F, 0x4FCA, 0xFFFF),
	(0x8BA0188D, 0x6B21, 0xFFFF),
	(0x8BA52FDC, 0x4E8E, 0x001B),
	(0x8BA52FDC, 0x4EBA, 0x001E),
	(0x8BA52FDC, 0x5DF1, 0x001C),
	(0x8BA52FDC, 0x5DFE, 0x001D),
	(0x8BA90B64, 0x776C, 0xFFFF),
	(0x8BB2235B, 0x54E6, 0xFFFF),
	(0x8BC9811A, 0x79B9, 0xFFFF),
	(0x8BD626E6, 0x7EDF, 0xFFFF),
	(0x8BD96E8F, 0x7109, 0xFFFF),
	(0x8BDFEFAC, 0x9700, 0xFFFF),
	(0x8BE4C19F, 0x90A3, 0xFFFF),
	(0x8BF95728, 0x609F, 0xFFFF),
	(0x8C07779B, 0x67FF, 0xFFFF),
	(0x8C1B8178, 0x871C, 0xFFFF),
	(0x8C32AA9B, 0x621A, 0xFFFF),
	(0x8C35D209, 0x6CCC, 0xFFFF),
	(0x8C3F520C, 0x6168, 0xFFFF),
	(0x8C544766, 0x8303, 0xFFFF),
	(0x8C79B98D, 0x6D3E, 0xFFFF),
	(0x8C7C1025, 0x55A7, 0xFFFF),
	(0x8C85918B, 0x6170, 0xFFFF),
	(0x8CB5AC5E, 0x7834, 0xFFFF),
	(0x8CC80F68, 0x89C5, 0xFFFF),
	(0x8CE0C7CE, 0x9662, 0xFFFF),
	(0x8CF52D72, 0x762A, 0xFFFF),
	(0x8D02A386, 0x716E, 0xFFFF),
	(0x8D082ECD, 0x5D2D, 0xFFFF),
	(0x8D2413AE, 0x94A9, 0xFFFF),
	(0x8D2A4115, 0x514B, 0xFFFF),
	(0x8D3526EC, 0x5C0A, 0xFFFF),
	(0x8D50976F, 0x8BB6, 0xFFFF),
	(0x8D52A8FA, 0x601C, 0xFFFF),
	(0x8D6BB415, 0x5B63, 0xFFFF),
	(0x8D7FA157, 0x7C97, 0xFFFF),
	(0x8D846D7A, 0x63BA, 0xFFFF),
	(0x8D928020, 0x9B45, 0xFFFF),
	(0x8D9995F9, 0x89C2, 0xFFFF),
	(0x8D9C2AC4, 0x6B47, 0xFFFF),
	(0x8DC9F1FF, 0x7CDF, 0xFFFF),
	(0x8DE0E831, 0x5BD2, 0xFFFF),
	(0x8DE5D0C2, 0x864E, 0xFFFF),
	(0x8DE6D0EE, 0x6345, 0xFFFF),
	(0x8DF50C6E, 0x5584, 0xFFFF),
	(0x8E08C0B6, 0x680F, 0xFFFF),
	(0x8E16E350, 0x816E, 0xFFFF),
	(0x8E3797A4, 0x9002, 0xFFFF),
	(0x8E495549, 0x54EE, 0xFFFF),
	(0x8E91716C, 0x8A89, 0xFFFF),
	(0x8E919E2C, 0x969C, 0xFFFF),
	(0x8EB0ECF8, 0x623F, 0x00FD),
	(0x8EB0ECF8, 0x7816, 0x00FC),
	(0x8EC57D87, 0x62BD, 0xFFFF),
	(0x8ECCB4D1, 0x85C9, 0xFFFF),
	(0x8EDD6FAD, 0x5352, 0xFFFF),
	(0x8EED0576, 0x574F, 0x006F),
	(0x8EED0576, 0x74E6, 0x006E),
	(0x8EEDCD82, 0x79E6, 0xFFFF),
	(0x8EFE0B0C, 0x6014, 0xFFFF),
	(0x8EFFB26C, 0x5189, 0x0066),
	(0x8EFFB26C, 0x7535, 0x0067),
	(0x8F063C17, 0x85AA, 0xFFFF),
	(0x8F08D8F0, 0x9178, 0xFFFF),
	(0x8F1B8118, 0x8910, 0xFFFF),
	(0x8F255EFF, 0x5E18, 0xFFFF),
	(0x8F552201, 0x661F, 0xFFFF),
	(0x8F5C92F3, 0x7D20, 0xFFFF),
	(0x8F627D7B, 0x54BD, 0xFFFF),
	(0x8F6D2A28, 0x4E2A, 0xFFFF),
	(0x8F6ED141, 0x62E3, 0xFFFF),
	(0x8FCF6FDB, 0x4E3E, 0xFFFF),
	(0x8FEB919B, 0x52CB, 0xFFFF),
	(0x8FF01CCE, 0x9910, 0xFFFF),
	(0x8FFFD46B, 0x8EAF, 0xFFFF),
	(0x901F4BA5, 0x9192, 0xFFFF),
	(0x90404E88, 0x5FFD, 0xFFFF),
	(0x9041BD1E, 0x77B3, 0xFFFF),
	(0x90540688, 0x7528, 0xFFFF),
	(0x906C3219, 0x7901, 0xFFFF),
	(0x906F2975, 0x5401, 0xFFFF),
	(0x9092B055, 0x53EA, 0xFFFF),
	(0x90A33BAC, 0x4FA8, 0xFFFF),
	(0x90AEE68C, 0x6269, 0x0093),
	(0x90AEE68C, 0x6B7C, 0x0092),
	(0x90AFBB4A, 0x5CAD, 0xFFFF),
	(0x90DC251C, 0x7BE1, 0xFFFF),
	(0x90E013F3, 0x7663, 0xFFFF),
	(0x90E3D441, 0x6216, 0xFFFF),
	(0x91015540, 0x9500, 0xFFFF),
	(0x9110EAF2, 0x739B, 0xFFFF),
	(0x91170C82, 0x9053, 0xFFFF),
	(0x9117DD22, 0x7565, 0xFFFF),
	(0x9130B695, 0x5339, 0xFFFF),
	(0x91315ADD, 0x7136, 0xFFFF),
	(0x9131B654, 0x5496, 0xFFFF),
	(0x913A1347, 0x683D, 0xFFFF),
	(0x9165EE89, 0x6C1B, 0xFFFF),
	(0x9166D178, 0x63FD, 0xFFFF),
	(0x917468CD, 0x7BB1, 0xFFFF),
	(0x9176FE63, 0x5BF9, 0xFFFF),
	(0x91B2AC6F, 0x4F1A, 0xFFFF),
	(0x91CF697B, 0x80BF, 0xFFFF),
	(0x91D33229, 0x75B9, 0xFFFF),
	(0x91D93F17, 0x75D8, 0xFFFF),
	(0x91DA615F, 0x5E15, 0xFFFF),
	(0x91FD01FA, 0x5BA2, 0xFFFF),
	(0x9201741B, 0x71E5, 0xFFFF),
	(0x92030C9F, 0x7EEA, 0xFFFF),
	(0x922F54A2, 0x8F88, 0xFFFF),
	(0x92352D9F, 0x5C79, 0xFFFF),
	(0x9286EB04, 0x7A3C, 0xFFFF),
	(0x928F5C8E, 0x8859, 0xFFFF),
	(0x92BEA50D, 0x50BB, 0xFFFF),
	(0x92D1F22A, 0x5F6D, 0xFFFF),
	(0x92D2CC08, 0x94ED, 0xFFFF),
	(0x92D59E03, 0x5F04, 0xFFFF),
	(0x92D9D0E3, 0x8C28, 0xFFFF),
	(0x92DF66B4, 0x846B, 0xFFFF),
	(0x92F6219D, 0x9001, 0xFFFF),
	(0x930FC6EB, 0x5265, 0xFFFF),
	(0x93766240, 0x633D, 0xFFFF),
	(0x937A64BA, 0x6D88, 0xFFFF),
	(0x938FE2D4, 0x9648, 0xFFFF),
	(0x93B1EEF1, 0x8774, 0xFFFF),
	(0x93E42BAF, 0x7CFB, 0xFFFF),
	(0x93EAD3EE, 0x4FA6, 0xFFFF),
	(0x93F12E97, 0x50F5, 0xFFFF),
	(0x9417324D, 0x5409, 0xFFFF),
	(0x94188A54, 0x9A70, 0xFFFF),
	(0x9429E8C3, 0x5251, 0xFFFF),
	(0x9433059B, 0x8D38, 0xFFFF),
	(0x94405CD1, 0x812F, 0xFFFF),
	(0x944F6E2C, 0x72C8, 0xFFFF),
	(0x945CBDD1, 0x7B50, 0xFFFF),
	(0x94736BC1, 0x637A, 0xFFFF),
	(0x947F34A2, 0x8DFA, 0xFFFF),
	(0x949842C6, 0x8783, 0xFFFF),
	(0x9499CA8B, 0x65E2, 0xFFFF),
	(0x949D1BF3, 0x5E73, 0xFFFF),
	(0x94A2E236, 0x8587, 0xFFFF),
	(0x94A7EC70, 0x7B11, 0xFFFF),
	(0x94C954EF, 0x5065, 0xFFFF),
	(0x94F0450C, 0x74E4, 0xFFFF),
	(0x95081BB9, 0x79F8, 0xFFFF),
	(0x951F073B, 0x8BB8, 0xFFFF),
	(0x9521B3EE, 0x60CA, 0xFFFF),
	(0x952B86AD, 0x5F98, 0xFFFF),
	(0x953D090E, 0x788C, 0xFFFF),
	(0x9546BEAA, 0x88C1, 0xFFFF),
	(0x9547A60A, 0x6784, 0xFFFF),
	(0x955171CD, 0x5DE2, 0xFFFF),
	(0x955738C8, 0x6237, 0xFFFF),
	(0x9559AC99, 0x86C7, 0xFFFF),
	(0x955CA20E, 0x6D46, 0xFFFF),
	(0x955EF5E5, 0x641E, 0xFFFF),
	(0x956B1C1F, 0x9E3F, 0xFFFF),
	(0x957431F5, 0x561B, 0xFFFF),
	(0x9582AEE6, 0x8C05, 0xFFFF),
	(0x959D1604, 0x7B52, 0xFFFF),
	(0x95A0FF95, 0x5C4A, 0xFFFF),
	(0x95A198D0, 0x727A, 0xFFFF),
	(0x95B45D6F, 0x7406, 0xFFFF),
	(0x95BC8991, 0x6A61, 0xFFFF),
	(0x95C4EB9F, 0x94F6, 0xFFFF),
	(0x9613690F, 0x6247, 0xFFFF),
	(0x96212EA2, 0x94B1, 0xFFFF),
	(0x9622D456, 0x589E, 0xFFFF),
	(0x9632CAE1, 0x8D28, 0xFFFF),
	(0x96563CAB, 0x8BEC, 0xFFFF),
	(0x96573F57, 0x6E3A, 0xFFFF),
	(0x967AECF7, 0x8154, 0xFFFF),
	(0x967B6BFC, 0x601D, 0xFFFF),
	(0x968ECF87, 0x9774, 0xFFFF),
	(0x96B82ACE, 0x68AD, 0xFFFF),
	(0x96BA91F7, 0x8309, 0xFFFF),
	(0x96CBC365, 0x523B, 0xFFFF),
	(0x96E058F3, 0x6851, 0xFFFF),
	(0x96F8605E, 0x592A, 0xFFFF),
	(0x971987AC, 0x79FD, 0xFFFF),
	(0x97253879, 0x8721, 0xFFFF),
	(0x973A2589, 0x8D41, 0xFFFF),
	(0x97439652, 0x7280, 0xFFFF),
	(0x9753369F, 0x51B6, 0xFFFF),
	(0x9759F08F, 0x9CCD, 0xFFFF),
	(0x975D1FE5, 0x6390, 0xFFFF),
	(0x9762B977, 0x6094, 0xFFFF),
	(0x9763FF10, 0x9600, 0xFFFF),
	(0x9769693D, 0x9A84, 0xFFFF),
	(0x9777A9B8, 0x74F6, 0xFFFF),
	(0x97BE57DA, 0x523A, 0xFFFF),
	(0x97DB94DB, 0x6789, 0xFFFF),
	(0x97E5297F, 0x81EA, 0x0024),
	(0x97E5297F, 0x8840, 0x0023),
	(0x98091D5D, 0x80C6, 0xFFFF),
	(0x980D76CB, 0x7A92, 0xFFFF),
	(0x982277D2, 0x94A6, 0xFFFF),
	(0x982F1DE6, 0x69D0, 0xFFFF),
	(0x985234E7, 0x86AF, 0xFFFF),
	(0x98564058, 0x6F84, 0xFFFF),
	(0x987F71D3, 0x6380, 0xFFFF),
	(0x988A7A61, 0x60E9, 0xFFFF),
	(0x9898F089, 0x655B, 0xFFFF),
	(0x98A14D27, 0x7F29, 0xFFFF),
	(0x98AAB39B, 0x589F, 0xFFFF),
	(0x98C3EA63, 0x795E, 0xFFFF),
	(0x98C46A7E, 0x654F, 0xFFFF),
	(0x98CDE71F, 0x9760, 0xFFFF),
	(0x99042BB0, 0x6BC1, 0xFFFF),
	(0x990D64BC, 0x4E4F, 0xFFFF),
	(0x9936D7C5, 0x5E3D, 0xFFFF),
	(0x99407B8A, 0x715E, 0xFFFF),
	(0x996062BB, 0x5484, 0xFFFF),
	(0x996BECA3, 0x4E4E, 0xFFFF),
	(0x996FB268, 0x8D64, 0xFFFF),
	(0x997E8307, 0x4E92, 0x00D8),
	(0x997E8307, 0x5360, 0x00D9),
	(0x997E8307, 0x5C38, 0x00DA),
	(0x998CA623, 0x8F9B, 0xFFFF),
	(0x99926868, 0x8E0F, 0xFFFF),
	(0x99A3B94F, 0x60A0, 0xFFFF),
	(0x99B46187, 0x60F3, 0xFFFF),
	(0x99BD835F, 0x7525, 0xFFFF),
	(0x99D39533, 0x62D0, 0xFFFF),
	(0x99E2E3EB, 0x5954, 0xFFFF),
	(0x99ED5911, 0x5561, 0xFFFF),
	(0x99F688E0, 0x6DB2, 0xFFFF),
	(0x9A083C5D, 0x65E8, 0xFFFF),
	(0x9A15751A, 0x86A4, 0xFFFF),
	(0x9A3856CA, 0x7838, 0xFFFF),
	(0x9A40D1A7, 0x76C8, 0xFFFF),
	(0x9A66C444, 0x5C42, 0xFFFF),
	(0x9A6DFC71, 0x8D29, 0xFFFF),
	(0x9A730A96, 0x87F9, 0xFFFF),
	(0x9A871367, 0x54FC, 0xFFFF),
	(0x9A940575, 0x754C, 0xFFFF),
	(0x9A9AF458, 0x7A84, 0xFFFF),
	(0x9ABD2D38, 0x62CE, 0xFFFF),
	(0x9AF445E5, 0x5982, 0xFFFF),
	(0x9AF65A88, 0x916C, 0xFFFF),
	(0x9B00B7B3, 0x62F7, 0xFFFF),
	(0x9B1D15A7, 0x7115, 0xFFFF),
	(0x9B3AA97B, 0x6795, 0xFFFF),
	(0x9B420F74, 0x5931, 0xFFFF),
	(0x9B670DA8, 0x9526, 0xFFFF),
	(0x9BBF66CE, 0x8BCA, 0xFFFF),
	(0x9BFFA84F, 0x65BD, 0xFFFF),
	(0x9C1A5AB7, 0x61C8, 0xFFFF),
	(0x9C1FF401, 0x7F3A, 0xFFFF),
	(0x9C4059E0, 0x7AE5, 0xFFFF),
	(0x9C40AD81, 0x5784, 0xFFFF),
	(0x9C45D3AD, 0x5F7B, 0xFFFF),
	(0x9C687A4D, 0x6C90, 0xFFFF),
	(0x9C6A8F39, 0x8C34, 0xFFFF),
	(0x9C952937, 0x7968, 0xFFFF),
	(0x9CA7E7DA, 0x7B4B, 0xFFFF),
	(0x9CAD9512, 0x5EA6, 0xFFFF),
	(0x9CCF3073, 0x7FD8, 0xFFFF),
	(0x9CCF95E3, 0x58F0, 0xFFFF),
	(0x9CDC9330, 0x830E, 0xFFFF),
	(0x9CE32551, 0x8C0B, 0xFFFF),
	(0x9CFF0C3E, 0x52A3, 0xFFFF),
	(0x9D030749, 0x63CF, 0xFFFF),
	(0x9D0CB7F6, 0x6653, 0xFFFF),
	(0x9D2AA370, 0x8F89, 0xFFFF),
	(0x9D3E8BB7, 0x6C28, 0xFFFF),
	(0x9D4DF6E9, 0x9898, 0xFFFF),
	(0x9D52EE37, 0x6696, 0xFFFF),
	(0x9D84F887, 0x4E0A, 0x00CF),
	(0x9D84F887, 0x5341, 0x00D0),
	(0x9D84F887, 0x5DE5, 0x00D1),
	(0x9D994C01, 0x7578, 0xFFFF),
	(0x9D9C6037, 0x75CA, 0xFFFF),
	(0x9DBFB857, 0x57CB, 0xFFFF),
	(0x9DC36C46, 0x4F17, 0xFFFF),
	(0x9DC5A37B, 0x63C9, 0xFFFF),
	(0x9E18AB7C, 0x971C, 0xFFFF),
	(0x9E1B1EF5, 0x7EED, 0xFFFF),
	(0x9E2F869C, 0x732A, 0xFFFF),
	(0x9E44E35F, 0x6CBB, 0xFFFF),
	(0x9E86DFF4, 0x8BF7, 0xFFFF),
	(0x9EB6F09B, 0x6D9D, 0xFFFF),
	(0x9ECA1128, 0x63D0, 0xFFFF),
	(0x9ECA7BA5, 0x545B, 0xFFFF),
	(0x9EE67E45, 0x67D0, 0xFFFF),
	(0x9EED79B5, 0x9999, 0xFFFF),
	(0x9F0CAE13, 0x51CF, 0xFFFF),
	(0x9F0D3829, 0x51C0, 0xFFFF),
	(0x9F1F973A, 0x5979, 0xFFFF),
	(0x9F2AC340, 0x5BA4, 0xFFFF),
	(0x9F2EECB5, 0x65FA, 0xFFFF),
	(0x9F3F0BDD, 0x6446, 0xFFFF),
	(0x9F5010EC, 0x522B, 0xFFFF),
	(0x9F67EA5E, 0x5F71, 0xFFFF),
	(0x9F6D4B36, 0x4FE9, 0xFFFF),
	(0x9F744ED5, 0x6458, 0xFFFF),
	(0x9F7AB7FF, 0x638F, 0xFFFF),
	(0x9F894B27, 0x975E, 0xFFFF),
	(0x9F985E47, 0x9003, 0xFFFF),
	(0x9FB3994B, 0x867D, 0xFFFF),
	(0x9FB956E9, 0x8E2A, 0xFFFF),
	(0xA004BAFD, 0x95EE, 0xFFFF),
	(0xA0090C63, 0x5F85, 0xFFFF),
	(0xA011FF51, 0x50CF, 0xFFFF),
	(0xA050777F, 0x718A, 0xFFFF),
	(0xA05B8B7F, 0x70ED, 0xFFFF),
	(0xA0684922, 0x7586, 0xFFFF),
	(0xA07426BB, 0x8C46, 0xFFFF),
	(0xA07A9E89, 0x6606, 0xFFFF),
	(0xA07BDADD, 0x7A20, 0xFFFF),
	(0xA093292F, 0x5373, 0xFFFF),
	(0xA0A38FF1, 0x840E, 0xFFFF),
	(0xA0B2AC33, 0x759F, 0xFFFF),
	(0xA0B308CF, 0x552F, 0xFFFF),
	(0xA0CD962D, 0x5949, 0xFFFF),
	(0xA0DFC58F, 0x9CC4, 0xFFFF),
	(0xA0ED335A, 0x813E, 0xFFFF),
	(0xA0F61880, 0x7E41, 0xFFFF),
	(0xA0FD565C, 0x67AA, 0xFFFF),
	(0xA12A72BD, 0x624E, 0xFFFF),
	(0xA1391F5F, 0x8D8A, 0xFFFF),
	(0xA13C42F0, 0x5564, 0xFFFF),
	(0xA141D8E8, 0x8C26, 0xFFFF),
	(0xA14F7E3B, 0x62CC, 0xFFFF),
	(0xA15CC00D, 0x9CB8, 0xFFFF),
	(0xA1606E74, 0x8BDE, 0xFFFF),
	(0xA1618F36, 0x516D, 0xFFFF),
	(0xA190FB9B, 0x60C5, 0xFFFF),
	(0xA19AFA39, 0x9F0E, 0xFFFF),
	(0xA1A32145, 0x9012, 0xFFFF),
	(0xA1AB7ABA, 0x9EA6, 0xFFFF),
	(0xA1AC319F, 0x6402, 0xFFFF),
	(0xA1ACE718, 0x59E8, 0xFFFF),
	(0xA1B0877A, 0x808B, 0xFFFF),
	(0xA1B2F597, 0x6270, 0xFFFF),
	(0xA1C30C95, 0x8236, 0xFFFF),
	(0xA1E634F8, 0x6362, 0xFFFF),
	(0xA1F06A39, 0x5446, 0xFFFF),
	(0xA1FA814C, 0x7235, 0xFFFF),
	(0xA216D730, 0x6162, 0xFFFF),
	(0xA22E38A0, 0x6C14, 0xFFFF),
	(0xA23450C5, 0x9633, 0xFFFF),
	(0xA236FD38, 0x6984, 0xFFFF),
	(0xA23E0D0B, 0x55E6, 0xFFFF),
	(0xA24B0502, 0x83BD, 0xFFFF),
	(0xA25B674D, 0x70D8, 0xFFFF),
	(0xA272AF46, 0x8FDE, 0xFFFF),
	(0xA277372A, 0x4E66, 0xFFFF),
	(0xA28CA17B, 0x997F, 0xFFFF),
	(0xA293504E, 0x65AD, 0xFFFF),
	(0xA2C2B5B1, 0x59D1, 0xFFFF),
	(0xA30FB734, 0x620A, 0xFFFF),
	(0xA3107F40, 0x4E10, 0x0108),
	(0xA3107F40, 0x65A5, 0x0109),
	(0xA3107F40, 0x7259, 0x0107),
	(0xA311DF2A, 0x7EF7, 0xFFFF),
	(0xA318F8A7, 0x529E, 0xFFFF),
	(0xA36E3F1B, 0x5973, 0xFFFF),
	(0xA3810B47, 0x4EA6, 0xFFFF),
	(0xA391AD07, 0x8B66, 0xFFFF),
	(0xA39BEF4A, 0x8902, 0xFFFF),
	(0xA3B15A38, 0x6C83, 0xFFFF),
	(0xA3BD5605, 0x6DA3, 0xFFFF),
	(0xA3D35D7B, 0x8BE1, 0xFFFF),
	(0xA4082158, 0x63AA, 0xFFFF),
	(0xA42B21F1, 0x96C7, 0xFFFF),
	(0xA439FB8B, 0x5939, 0xFFFF),
	(0xA447F5A3, 0x9E49, 0xFFFF),
	(0xA458E0A9, 0x6625, 0xFFFF),
	(0xA4680773, 0x501F, 0xFFFF),
	(0xA48C6AB2, 0x6B49, 0xFFFF),
	(0xA48DE64A, 0x9CA4, 0xFFFF),
	(0xA4911088, 0x79D2, 0xFFFF),
	(0xA4B0DECA, 0x5916, 0xFFFF),
	(0xA4B5B267, 0x64C2, 0xFFFF),
	(0xA4BB0388, 0x5357, 0xFFFF),
	(0xA4CBEBB5, 0x6CB3, 0xFFFF),
	(0xA4CD8042, 0x9976, 0xFFFF),
	(0xA4D5FEF9, 0x84C4, 0xFFFF),
	(0xA4D81770, 0x68CD, 0xFFFF),
	(0xA4DE87E9, 0x996D, 0xFFFF),
	(0xA4F91A1B, 0x507F, 0xFFFF),
	(0xA508B4C3, 0x5B59, 0xFFFF),
	(0xA5340CF6, 0x6D1E, 0xFFFF),
	(0xA5522052, 0x63A9, 0xFFFF),
	(0xA5696F88, 0x8C10, 0xFFFF),
	(0xA5786687, 0x72FC, 0xFFFF),
	(0xA5849BAC, 0x7792, 0xFFFF),
	(0xA59300AA, 0x732E, 0xFFFF),
	(0xA5A4586C, 0x5986, 0xFFFF),
	(0xA5B55C2C, 0x836B, 0xFFFF),
	(0xA5BF2364, 0x9756, 0xFFFF),
	(0xA5C03799, 0x968F, 0xFFFF),
	(0xA5CEE6DE, 0x8087, 0xFFFF),
	(0xA5F852FF, 0x9A6E, 0xFFFF),
	(0xA5FD131D, 0x8270, 0xFFFF),
	(0xA65F6E45, 0x8471, 0xFFFF),
	(0xA6717658, 0x9505, 0xFFFF),
	(0xA678995D, 0x9AD3, 0xFFFF),
	(0xA679D32C, 0x6C42, 0xFFFF),
	(0xA69D75BF, 0x590F, 0xFFFF),
	(0xA6D1E96B, 0x59D0, 0xFFFF),
	(0xA6DD9594, 0x600E, 0xFFFF),
	(0xA6DDD88F, 0x4FD7, 0xFFFF),
	(0xA6DE8AA3, 0x5965, 0xFFFF),
	(0xA6FC1839, 0x5212, 0xFFFF),
	(0xA6FC690D, 0x55B3, 0xFFFF),
	(0xA7007EDF, 0x98A4, 0xFFFF),
	(0xA7409233, 0x978B, 0xFFFF),
	(0xA74A3A0B, 0x6700, 0xFFFF),
	(0xA76E5685, 0x83B9, 0xFFFF),
	(0xA77CB233, 0x7554, 0xFFFF),
	(0xA78502C1, 0x94FA, 0xFFFF),
	(0xA7A0AC51, 0x786E, 0xFFFF),
	(0xA7AE4531, 0x541B, 0xFFFF),
	(0xA7BEF433, 0x543E, 0xFFFF),
	(0xA7C675C1, 0x5021, 0xFFFF),
	(0xA7D4C525, 0x6846, 0xFFFF),
	(0xA7D7DFA5, 0x4ED6, 0xFFFF),
	(0xA81ACFB7, 0x6986, 0xFFFF),
	(0xA82BFF9B, 0x62C5, 0xFFFF),
	(0xA842ACA5, 0x7275, 0xFFFF),
	(0xA855FC4B, 0x78C5, 0xFFFF),
	(0xA8727E26, 0x6865, 0xFFFF),
	(0xA872D2B3, 0x664C, 0xFFFF),
	(0xA88902FC, 0x6CF0, 0xFFFF),
	(0xA89C0A5E, 0x5E2E, 0xFFFF),
	(0xA8A1AE26, 0x6813, 0xFFFF),
	(0xA8B0165A, 0x8165, 0xFFFF),
	(0xA8BF3D97, 0x57FA, 0x0096),
	(0xA8BF3D97, 0x7740, 0x0097),
	(0xA8E814A5, 0x671D, 0xFFFF),
	(0xA8FFDBAE, 0x81A8, 0xFFFF),
	(0xA9178C32, 0x6155, 0xFFFF),
	(0xA9381DF5, 0x8E42, 0xFFFF),
	(0xA941B8F9, 0x8BBF, 0xFFFF),
	(0xA941BAEA, 0x6E56, 0xFFFF),
	(0xA94B662D, 0x8D2E, 0xFFFF),
	(0xA9526297, 0x8F74, 0xFFFF),
	(0xA9840F44, 0x8FC8, 0xFFFF),
	(0xA992C62F, 0x8205, 0xFFFF),
	(0xA9D382BB, 0x8C22, 0xFFFF),
	(0xA9E8F207, 0x6302, 0xFFFF),
	(0xA9FA2647, 0x9675, 0xFFFF),
	(0xAA1561A6, 0x56F0, 0xFFFF),
	(0xAA161B57, 0x9ECE, 0xFFFF),
	(0xAA349897, 0x6620, 0xFFFF),
	(0xAA44B5D2, 0x9EEF, 0xFFFF),
	(0xAA58C01B, 0x819C, 0xFFFF),
	(0xAA5F6784, 0x6021, 0xFFFF),
	(0xAA621340, 0x901A, 0xFFFF),
	(0xAA83FB59, 0x79FB, 0xFFFF),
	(0xAA8C399C, 0x51C9, 0xFFFF),
	(0xAA9C502E, 0x670D, 0xFFFF),
	(0xAAA06B4B, 0x7898, 0xFFFF),
	(0xAABA13E2, 0x9992, 0xFFFF),
	(0xAAF5008D, 0x5520, 0xFFFF),
	(0xAB10AA2B, 0x7F57, 0xFFFF),
	(0xAB126394, 0x8F70, 0xFFFF),
	(0xAB2E3B3A, 0x8D62, 0xFFFF),
	(0xAB32662C, 0x5984, 0xFFFF),
	(0xAB335593, 0x8A8A, 0xFFFF),
	(0xAB386DA7, 0x810A, 0xFFFF),
	(0xAB4136CB, 0x8D77, 0xFFFF),
	(0xAB4170D2, 0x7AE0, 0xFFFF),
	(0xAB55F45A, 0x821F, 0xFFFF),
	(0xAB5E4BB2, 0x53F3, 0x0081),
	(0xAB5E4BB2, 0x5C3A, 0x0080),
	(0xAB5E4BB2, 0x5F00, 0x0082),
	(0xAB6DA54D, 0x7A98, 0xFFFF),
	(0xABC63135, 0x58F6, 0xFFFF),
	(0xABD9688B, 0x4F43, 0xFFFF),
	(0xABE10998, 0x5E08, 0xFFFF),
	(0xABFAA9F3, 0x67EC, 0xFFFF),
	(0xABFD1EE9, 0x86FE, 0xFFFF),
	(0xAC0D7DB9, 0x4F5B, 0xFFFF),
	(0xAC570487, 0x7EB8, 0xFFFF),
	(0xAC5A70D6, 0x5D4C, 0xFFFF),
	(0xAC5B8064, 0x5019, 0xFFFF),
	(0xAC6993CE, 0x61D2, 0xFFFF),
	(0xAC886AA6, 0x8680, 0xFFFF),
	(0xACA5213D, 0x6905, 0xFFFF),
	(0xACA67147, 0x9149, 0xFFFF),
	(0xACA9B382, 0x818A, 0xFFFF),
	(0xACDDD67D, 0x4F9D, 0xFFFF),
	(0xAD017793, 0x5CF0, 0xFFFF),
	(0xAD0824A1, 0x65F1, 0xFFFF),
	(0xAD123F74, 0x4E52, 0xFFFF),
	(0xAD211013, 0x6208, 0xFFFF),
	(0xAD21D81F, 0x5E02, 0x003A),
	(0xAD21D81F, 0x722A, 0x0039),
	(0xAD21D81F, 0x97ED, 0x003B),
	(0xAD38D220, 0x5FE0, 0xFFFF),
	(0xAD4003F3, 0x7F1D, 0xFFFF),
	(0xAD4BA2DC, 0x7728, 0xFFFF),
	(0xAD5B3DFE, 0x5760, 0xFFFF),
	(0xAD845D93, 0x7ED1, 0xFFFF),
	(0xAD8508E5, 0x9075, 0xFFFF),
	(0xADA3CDF9, 0x4E71, 0xFFFF),
	(0xADA650CD, 0x6148, 0xFFFF),
	(0xADAAC969, 0x8DDD, 0xFFFF),
	(0xADAEB0B9, 0x4F0D, 0xFFFF),
	(0xADB9FB58, 0x6E2F, 0xFFFF),
	(0xADC2034D, 0x4F60, 0xFFFF),
	(0xADD7061C, 0x59C6, 0xFFFF),
	(0xADE38B10, 0x5C82, 0xFFFF),
	(0xADEBDB6C, 0x4EEC, 0xFFFF),
	(0xAE0595A9, 0x6C5E, 0xFFFF),
	(0xAE16F186, 0x80A9, 0xFFFF),
	(0xAE1B7F9F, 0x86D9, 0xFFFF),
	(0xAE261B62, 0x5A18, 0xFFFF),
	(0xAE2E3F83, 0x6212, 0xFFFF),
	(0xAE356A37, 0x7B97, 0xFFFF),
	(0xAE39AA47, 0x8FDF, 0xFFFF),
	(0xAE3A39B1, 0x6D12, 0xFFFF),
	(0xAE5854C4, 0x5956, 0xFFFF),
	(0xAE5E7F90, 0x61C2, 0xFFFF),
	(0xAE753E1B, 0x5F31, 0xFFFF),
	(0xAE80760C, 0x5AE9, 0xFFFF),
	(0xAE835DDD, 0x5353, 0xFFFF),
	(0xAE854C8D, 0x5306, 0xFFFF),
	(0xAE87BBDD, 0x9A87, 0xFFFF),
	(0xAE988847, 0x96F7, 0xFFFF),
	(0xAEEA0475, 0x5377, 0xFFFF),
	(0xAF144F7E, 0x6A44, 0xFFFF),
	(0xAF268848, 0x9669, 0xFFFF),
	(0xAF2B259B, 0x89C9, 0xFFFF),
	(0xAF36C407, 0x7629, 0xFFFF),
	(0xAF44F58F, 0x542C, 0xFFFF),
	(0xAF4A1D2B, 0x611F, 0xFFFF),
	(0xAF53728D, 0x94BE, 0xFFFF),
	(0xAF5DE14B, 0x5609, 0xFFFF),
	(0xAF6F0E41, 0x773C, 0xFFFF),
	(0xAF80CE62, 0x5A74, 0xFFFF),
	(0xAF8551B4, 0x83CC, 0xFFFF),
	(0xAF8BA93E, 0x5DC5, 0xFFFF),
	(0xAFA64F71, 0x4ED7, 0xFFFF),
	(0xAFB73719, 0x9694, 0xFFFF),
	(0xAFB90CEA, 0x817A, 0xFFFF),
	(0xAFDFE346, 0x9C7C, 0xFFFF),
	(0xAFECABE3, 0x7EFC, 0xFFFF),
	(0xAFF586B9, 0x61A8, 0xFFFF),
	(0xAFF89164, 0x663C, 0xFFFF),
	(0xB022C5DB, 0x8C79, 0xFFFF),
	(0xB0385D04, 0x6536, 0xFFFF),
	(0xB066EB51, 0x8235, 0xFFFF),
	(0xB0701DF2, 0x8F6E, 0xFFFF),
	(0xB07341A4, 0x501A, 0xFFFF),
	(0xB078CB38, 0x9882, 0xFFFF),
	(0xB07A4E94, 0x80F8, 0xFFFF),
	(0xB08B2C0B, 0x6C41, 0xFFFF),
	(0xB0BCEAD9, 0x70BC, 0xFFFF),
	(0xB0BEFDB5, 0x756A, 0xFFFF),
	(0xB0E3CB53, 0x68E0, 0xFFFF),
	(0xB0FDC059, 0x7B51, 0xFFFF),
	(0xB10BE426, 0x963F, 0xFFFF),
	(0xB10E9A0D, 0x6492, 0xFFFF),
	(0xB126480A, 0x94C1, 0xFFFF),
	(0xB12705B3, 0x655E, 0xFFFF),
	(0xB1477707, 0x8F67, 0xFFFF),
	(0xB14E3AD3, 0x8C06, 0xFFFF),
	(0xB1702986, 0x634E, 0xFFFF),
	(0xB176601B, 0x85D0, 0xFFFF),
	(0xB17A7604, 0x8054, 0xFFFF),
	(0xB182359A, 0x62D8, 0xFFFF),
	(0xB188C1ED, 0x5473, 0xFFFF),
	(0xB195A39F, 0x9063, 0xFFFF),
	(0xB19DF185, 0x6838, 0xFFFF),
	(0xB1A7AA45, 0x4E4D, 0x000A),
	(0xB1A7AA45, 0x51FA, 0x000C),
	(0xB1A7AA45, 0x58EC, 0x000B),
	(0xB1A7AA45, 0x5B50, 0x000D),
	(0xB1A7AA45, 0x81FC, 0x0009),
	(0xB1CA34ED, 0x674F, 0xFFFF),
	(0xB1FDEDC1, 0x51A0, 0xFFFF),
	(0xB2327E78, 0x80F3, 0xFFFF),
	(0xB23438E5, 0x7FA4, 0xFFFF),
	(0xB24770F8, 0x62F4, 0xFFFF),
	(0xB24877B1, 0x6A71, 0xFFFF),
	(0xB259023D, 0x70B9, 0xFFFF),
	(0xB261C4B7, 0x526A, 0xFFFF),
	(0xB2714C95, 0x888B, 0xFFFF),
	(0xB271DC8A, 0x6B67, 0xFFFF),
	(0xB27217FA, 0x80DA, 0xFFFF),
	(0xB282B5A7, 0x7956, 0xFFFF),
	(0xB293AB5A, 0x80AF, 0xFFFF),
	(0xB29DA6F7, 0x76F9, 0xFFFF),
	(0xB2ABB381, 0x827A, 0xFFFF),
	(0xB2B1ABCE, 0x5175, 0xFFFF),
	(0xB2D43D3F, 0x989C, 0xFFFF),
	(0xB2F47A05, 0x94A2, 0xFFFF),
	(0xB32CBB7E, 0x5151, 0xFFFF),
	(0xB3519E73, 0x57E0, 0xFFFF),
	(0xB377EE7D, 0x5C09, 0xFFFF),
	(0xB37EFE69, 0x6109, 0xFFFF),
	(0xB38DB736, 0x68FA, 0xFFFF),
	(0xB392BE42, 0x62E2, 0xFFFF),
	(0xB39CC7F9, 0x515C, 0xFFFF),
	(0xB39F4C47, 0x86C0, 0xFFFF),
	(0xB39FA8E4, 0x9038, 0xFFFF),
	(0xB3A6123E, 0x7BEE, 0xFFFF),
	(0xB3DBBCCC, 0x82B3, 0x0123),
	(0xB3DBBCCC, 0x8364, 0x0124),
	(0xB3E30759, 0x6D69, 0xFFFF),
	(0xB3E67F7E, 0x659F, 0xFFFF),
	(0xB4058C49, 0x82E6, 0xFFFF),
	(0xB422C21A, 0x6C70, 0xFFFF),
	(0xB43BC4BA, 0x6478, 0xFFFF),
	(0xB473FEA4, 0x78E8, 0xFFFF),
	(0xB484E8A7, 0x8C7A, 0xFFFF),
	(0xB49EF989, 0x80A4, 0xFFFF),
	(0xB49F0F3D, 0x7CEF, 0xFFFF),
	(0xB4B058B0, 0x4F51, 0xFFFF),
	(0xB4BA7FAF, 0x806A, 0xFFFF),
	(0xB4BE41F6, 0x85AF, 0xFFFF),
	(0xB4C35A6B, 0x8170, 0xFFFF),
	(0xB4D0C20C, 0x94FE, 0xFFFF),
	(0xB4D55DF1, 0x759A, 0xFFFF),
	(0xB4EF7FDF, 0x5C24, 0xFFFF),
	(0xB4F047EB, 0x5E7C, 0xFFFF),
	(0xB5022CD5, 0x679C, 0xFFFF),
	(0xB513DF5A, 0x6388, 0xFFFF),
	(0xB515461F, 0x952E, 0xFFFF),
	(0xB52E4D4D, 0x717D, 0xFFFF),
	(0xB54D247B, 0x5E0C, 0xFFFF),
	(0xB56FA491, 0x4E94, 0xFFFF),
	(0xB57B9986, 0x5499, 0xFFFF),
	(0xB59AE548, 0x6CBD, 0xFFFF),
	(0xB5A27A5D, 0x5F92, 0x005D),
	(0xB5A27A5D, 0x5F99, 0x005E),
	(0xB5AFFE60, 0x8FD9, 0xFFFF),
	(0xB5B838EF, 0x62FE, 0xFFFF),
	(0xB5C5F0FB, 0x6D4B, 0xFFFF),
	(0xB5EEE5F8, 0x5317, 0x012C),
	(0xB5EEE5F8, 0x7AF9, 0x012B),
	(0xB6024ED4, 0x5510, 0xFFFF),
	(0xB609F279, 0x60F9, 0xFFFF),
	(0xB60F6E55, 0x7C07, 0xFFFF),
	(0xB63A4EBE, 0x5E9F, 0xFFFF),
	(0xB63CE3FC, 0x7EF4, 0xFFFF),
	(0xB64CEDEA, 0x6241, 0xFFFF),
	(0xB650EA5E, 0x4ECB, 0xFFFF),
	(0xB65130F4, 0x559D, 0xFFFF),
	(0xB651CDA9, 0x4E09, 0xFFFF),
	(0xB6539DE0, 0x793C, 0xFFFF),
	(0xB657D3EA, 0x8367, 0xFFFF),
	(0xB671EE92, 0x60BC, 0xFFFF),
	(0xB68C82E7, 0x5398, 0xFFFF),
	(0xB6A8477E, 0x6742, 0xFFFF),
	(0xB6B66DB5, 0x6839, 0xFFFF),
	(0xB6C94CDB, 0x8896, 0xFFFF),
	(0xB6F1976F, 0x5899, 0xFFFF),
	(0xB6F1D93D, 0x6267, 0x00B9),
	(0xB6F1D93D, 0x6413, 0x00B8),
	(0xB6F561C5, 0x710A, 0xFFFF),
	(0xB6FDF30C, 0x9634, 0xFFFF),
	(0xB7143ADA, 0x7070, 0xFFFF),
	(0xB71B2A59, 0x64CD, 0xFFFF),
	(0xB73330FE, 0x529B, 0x0068),
	(0xB73330FE, 0x6BDB, 0x006A),
	(0xB73330FE, 0x77E2, 0x0069),
	(0xB73330FE, 0x98DE, 0x006B),
	(0xB73BAA65, 0x7236, 0xFFFF),
	(0xB746FEA5, 0x55E1, 0xFFFF),
	(0xB75E89B7, 0x743C, 0xFFFF),
	(0xB7946D58, 0x543B, 0xFFFF),
	(0xB798D467, 0x71C3, 0xFFFF),
	(0xB7AA342F, 0x693F, 0xFFFF),
	(0xB7B0566F, 0x82D1, 0xFFFF),
	(0xB7BF4B47, 0x70EB, 0xFFFF),
	(0xB7C235A0, 0x692D, 0xFFFF),
	(0xB7CB306C, 0x7ABF, 0xFFFF),
	(0xB7DE9D32, 0x90E8, 0x010E),
	(0xB7DE9D32, 0x966A, 0x010F),
	(0xB7FA8D65, 0x640F, 0xFFFF),
	(0xB8159D6F, 0x4F01, 0xFFFF),
	(0xB831CF0B, 0x8D76, 0xFFFF),
	(0xB875CD73, 0x8865, 0xFFFF),
	(0xB881EEAD, 0x6B8B, 0xFFFF),
	(0xB8913064, 0x731C, 0xFFFF),
	(0xB8AA9630, 0x6CE1, 0xFFFF),
	(0xB8B4440D, 0x62DB, 0xFFFF),
	(0xB8FA88A3, 0x819D, 0xFFFF),
	(0xB907B6C8, 0x5761, 0xFFFF),
	(0xB9124A2D, 0x5802, 0xFFFF),
	(0xB91F25F7, 0x8D43, 0xFFFF),
	(0xB91FFABE, 0x8C37, 0xFFFF),
	(0xB9507939, 0x6062, 0xFFFF),
	(0xB95481AB, 0x575D, 0xFFFF),
	(0xB955F693, 0x755C, 0xFFFF),
	(0xB95C4A6B, 0x6A31, 0xFFFF),
	(0xB95C6FFE, 0x5806, 0xFFFF),
	(0xB9761A11, 0x5C71, 0xFFFF),
	(0xB97DD159, 0x677F, 0xFFFF),
	(0xB987DDF9, 0x81F4, 0xFFFF),
	(0xB9B0D9E1, 0x96EA, 0xFFFF),
	(0xB9B5ABD4, 0x8FF0, 0xFFFF),
	(0xB9E55780, 0x74E3, 0xFFFF),
	(0xB9F1C86F, 0x7FA1, 0xFFFF),
	(0xBA07A6A4, 0x632A, 0xFFFF),
	(0xBA1D95D6, 0x517D, 0xFFFF),
	(0xBA2A4F3C, 0x81CA, 0xFFFF),
	(0xBA3BC9DD, 0x6CBF, 0xFFFF),
	(0xBA405249, 0x9E21, 0xFFFF),
	(0xBA626630, 0x51C4, 0xFFFF),
	(0xBA742F9D, 0x88F9, 0xFFFF),
	(0xBA7928D1, 0x7B49, 0xFFFF),
	(0xBA7A234D, 0x827E, 0xFFFF),
	(0xBA7D7DC2, 0x6DF9, 0xFFFF),
	(0xBA8CE1AD, 0x5747, 0xFFFF),
	(0xBB03DCA3, 0x8870, 0xFFFF),
	(0xBB04D74A, 0x6F8E, 0xFFFF),
	(0xBB0F72FC, 0x884C, 0xFFFF),
	(0xBB14EEEF, 0x500D, 0xFFFF),
	(0xBB1868A8, 0x6E34, 0xFFFF),
	(0xBB317244, 0x653E, 0xFFFF),
	(0xBB5ADCEE, 0x6FB3, 0xFFFF),
	(0xBB61871A, 0x7696, 0xFFFF),
	(0xBB6670D4, 0x9065, 0xFFFF),
	(0xBB70CD14, 0x5F8B, 0xFFFF),
	(0xBBB8293F, 0x6E05, 0xFFFF),
	(0xBBD9E090, 0x822C, 0xFFFF),
	(0xBBDC634B, 0x6296, 0xFFFF),
	(0xBBE24839, 0x6687, 0xFFFF),
	(0xBBE9B39F, 0x7B2C, 0xFFFF),
	(0xBC002E3D, 0x4EE4, 0xFFFF),
	(0xBC23A90B, 0x8F7D, 0xFFFF),
	(0xBC433C89, 0x4FDD, 0xFFFF),
	(0xBC9C3265, 0x7EDD, 0xFFFF),
	(0xBC9C89B5, 0x5E4C, 0xFFFF),
	(0xBCEE58D1, 0x9547, 0xFFFF),
	(0xBD16A192, 0x5589, 0xFFFF),
	(0xBD3E145D, 0x5143, 0x0042),
	(0xBD3E145D, 0x5144, 0x0043),
	(0xBD46193E, 0x6E1D, 0xFFFF),
	(0xBD4D83CC, 0x8513, 0xFFFF),
	(0xBD589994, 0x60AF, 0xFFFF),
	(0xBD68307C, 0x641C, 0xFFFF),
	(0xBD689D99, 0x90BB, 0xFFFF),
	(0xBD7AABD8, 0x8981, 0xFFFF),
	(0xBD970218, 0x8C6A, 0xFFFF),
	(0xBDA31B6A, 0x63E9, 0xFFFF),
	(0xBDA483E7, 0x9E7F, 0xFFFF),
	(0xBDB42E1F, 0x7750, 0xFFFF),
	(0xBDBA9CA7, 0x8574, 0xFFFF),
	(0xBDD353AE, 0x7EE7, 0xFFFF),
	(0xBDEE3921, 0x5C31, 0xFFFF),
	(0xBDF6E3A9, 0x88F3, 0xFFFF),
	(0xBDF7D95F, 0x4F3C, 0xFFFF),
	(0xBDFB242B, 0x5179, 0xFFFF),
	(0xBE03CB88, 0x5EB5, 0xFFFF),
	(0xBE04B8CF, 0x65EC, 0xFFFF),
	(0xBE06CE91, 0x75EA, 0xFFFF),
	(0xBE1E878C, 0x8F6C, 0xFFFF),
	(0xBE2AC851, 0x697C, 0xFFFF),
	(0xBE36AC07, 0x8461, 0xFFFF),
	(0xBE42C994, 0x6BD2, 0xFFFF),
	(0xBE578234, 0x6A58, 0xFFFF),
	(0xBE6033DD, 0x5BCC, 0xFFFF),
	(0xBE7DD445, 0x6321, 0xFFFF),
	(0xBE84B010, 0x9739, 0xFFFF),
	(0xBE856D9B, 0x5BFA, 0xFFFF),
	(0xBE89C317, 0x7B0B, 0xFFFF),
	(0xBE8AADE7, 0x6392, 0xFFFF),
	(0xBE9F5FD0, 0x8BBA, 0xFFFF),
	(0xBEA2F94C, 0x53ED, 0xFFFF),
	(0xBEB19A83, 0x8389, 0xFFFF),
	(0xBECB687F, 0x679A, 0xFFFF),
	(0xBEE10E37, 0x60CB, 0xFFFF),
	(0xBEE2AAA6, 0x79CB, 0xFFFF),
	(0xBF00D8BE, 0x72AC, 0xFFFF),
	(0xBF11DE54, 0x6016, 0xFFFF),
	(0xBF1385B4, 0x7538, 0xFFFF),
	(0xBF316DFA, 0x5824, 0xFFFF),
	(0xBF432F09, 0x5BAA, 0xFFFF),
	(0xBF49696A, 0x60F6, 0xFFFF),
	(0xBF65B1A8, 0x80CC, 0xFFFF),
	(0xBF6D9039, 0x5883, 0xFFFF),
	(0xBF7F8635, 0x6084, 0xFFFF),
	(0xBF8388D8, 0x62B5, 0x00DB),
	(0xBF8388D8, 0x631F, 0x00DC),
	(0xBF940713, 0x52BF, 0xFFFF),
	(0xBFB0BF4D, 0x5243, 0xFFFF),
	(0xBFC1573F, 0x70B8, 0xFFFF),
	(0xBFDF8557, 0x53CD, 0xFFFF),
	(0xBFE4EC82, 0x978D, 0xFFFF),
	(0xC02B1D15, 0x4E39, 0x00C7),
	(0xC02B1D15, 0x6765, 0x00C8),
	(0xC05645F4, 0x6CA1, 0xFFFF),
	(0xC056C667, 0x5631, 0xFFFF),
	(0xC0874451, 0x79F0, 0xFFFF),
	(0xC09D36BA, 0x54C4, 0xFFFF),
	(0xC09D86CE, 0x6D74, 0xFFFF),
	(0xC0A3B63D, 0x5406, 0xFFFF),
	(0xC0AB41C7, 0x4E53, 0xFFFF),
	(0xC0B80F87, 0x556A, 0xFFFF),
	(0xC0C84989, 0x6CBC, 0xFFFF),
	(0xC0E317E8, 0x7C4D, 0xFFFF),
	(0xC0F25F06, 0x9E43, 0xFFFF),
	(0xC103321C, 0x626C, 0xFFFF),
	(0xC1040AE2, 0x70C2, 0xFFFF),
	(0xC10BA37A, 0x5BDE, 0xFFFF),
	(0xC1212C87, 0x5708, 0xFFFF),
	(0xC12B3DAA, 0x7ECE, 0xFFFF),
	(0xC13CA934, 0x5ED3, 0xFFFF),
	(0xC14B5CC1, 0x8BD1, 0xFFFF),
	(0xC157B295, 0x6C49, 0xFFFF),
	(0xC16AD0E8, 0x6C22, 0xFFFF),
	(0xC176786A, 0x5546, 0xFFFF),
	(0xC182101E, 0x763E, 0xFFFF),
	(0xC196069E, 0x89E3, 0xFFFF),
	(0xC1B6F1FD, 0x53FC, 0xFFFF),
	(0xC1BE312B, 0x6DEE, 0xFFFF),
	(0xC1C723D4, 0x6CC9, 0xFFFF),
	(0xC1E38ABC, 0x9CDE, 0xFFFF),
	(0xC226F64E, 0x4ECE, 0xFFFF),
	(0xC2379902, 0x6982, 0xFFFF),
	(0xC25EDFF4, 0x68B0, 0xFFFF),
	(0xC2710ACD, 0x77EE, 0xFFFF),
	(0xC27E8ED0, 0x8FCE, 0xFFFF),
	(0xC2A60F9B, 0x5C45, 0x0116),
	(0xC2A60F9B, 0x675F, 0x0117),
	(0xC2AACB09, 0x5A36, 0xFFFF),
	(0xC2C076DD, 0x5A1C, 0xFFFF),
	(0xC2CFEFF1, 0x5821, 0xFFFF),
	(0xC322AE1F, 0x5FC3, 0xFFFF),
	(0xC3461B2F, 0x6298, 0xFFFF),
	(0xC367DA95, 0x94F2, 0xFFFF),
	(0xC380438C, 0x6F47, 0xFFFF),
	(0xC380AF06, 0x5F90, 0xFFFF),
	(0xC38B7EDB, 0x54D1, 0xFFFF),
	(0xC38C1647, 0x5458, 0xFFFF),
	(0xC39893C5, 0x5983, 0xFFFF),
	(0xC3B3B231, 0x6C9F, 0xFFFF),
	(0xC3D33923, 0x83AB, 0xFFFF),
	(0xC3D873E6, 0x7F0E, 0xFFFF),
	(0xC3EAE775, 0x7EDE, 0xFFFF),
	(0xC3F31D4E, 0x575F, 0xFFFF),
	(0xC3F51BDE, 0x6CEA, 0xFFFF),
	(0xC3F6222E, 0x5858, 0xFFFF),
	(0xC403E150, 0x8098, 0xFFFF),
	(0xC40C1387, 0x9C81, 0xFFFF),
	(0xC40CA893, 0x51ED, 0xFFFF),
	(0xC429CE1D, 0x71D5, 0xFFFF),
	(0xC4CE3278, 0x98A0, 0xFFFF),
	(0xC4D18358, 0x987A, 0xFFFF),
	(0xC4D36185, 0x6218, 0xFFFF),
	(0xC4F29C75, 0x4FBF, 0xFFFF),
	(0xC4F47C02, 0x808C, 0x007D),
	(0xC4F47C02, 0x80DC, 0x007C),
	(0xC50C65B0, 0x79D1, 0xFFFF),
	(0xC512C82B, 0x56F1, 0xFFFF),
	(0xC52F7663, 0x83DC, 0xFFFF),
	(0xC53CAEEF, 0x8FAB, 0xFFFF),
	(0xC56775DE, 0x8150, 0xFFFF),
	(0xC5D9FB19, 0x8BF4, 0xFFFF),
	(0xC5F37859, 0x6570, 0xFFFF),
	(0xC5F8FDD5, 0x8C03, 0xFFFF),
	(0xC6149984, 0x5565, 0xFFFF),
	(0xC61BF4C7, 0x658C, 0xFFFF),
	(0xC61E50CF, 0x6194, 0xFFFF),
	(0xC62CA3C2, 0x6B64, 0xFFFF),
	(0xC62E5CD6, 0x60EF, 0xFFFF),
	(0xC6338660, 0x5A04, 0xFFFF),
	(0xC68DB9E8, 0x9A91, 0xFFFF),
	(0xC6C51E95, 0x6CDB, 0xFFFF),
	(0xC6D2B005, 0x4F8D, 0xFFFF),
	(0xC6F5986D, 0x906D, 0xFFFF),
	(0xC7037DAB, 0x8BB9, 0xFFFF),
	(0xC716AB95, 0x79CD, 0xFFFF),
	(0xC719F174, 0x81C0, 0xFFFF),
	(0xC71A6D82, 0x8DDB, 0xFFFF),
	(0xC72463F1, 0x8110, 0xFFFF),
	(0xC733F633, 0x63F4, 0xFFFF),
	(0xC74F6D3C, 0x540A, 0xFFFF),
	(0xC7819199, 0x62FD, 0xFFFF),
	(0xC7A3E9DF, 0x62D7, 0xFFFF),
	(0xC7AF8199, 0x843D, 0xFFFF),
	(0xC7B88E9D, 0x7A74, 0xFFFF),
	(0xC7FC67AB, 0x548F, 0xFFFF),
	(0xC817EB74, 0x75F9, 0xFFFF),
	(0xC8218EB4, 0x9690, 0xFFFF),
	(0xC84BDA6E, 0x822A, 0xFFFF),
	(0xC8516C89, 0x67DC, 0xFFFF),
	(0xC865DBF0, 0x6355, 0xFFFF),
	(0xC89129A0, 0x90A6, 0xFFFF),
	(0xC8952BBC, 0x543C, 0xFFFF),
	(0xC8D30A6E, 0x5CA9, 0xFFFF),
	(0xC8E4A26A, 0x78A7, 0xFFFF),
	(0xC8FFC48E, 0x5A76, 0xFFFF),
	(0xC906C0E8, 0x708A, 0xFFFF),
	(0xC912F9A9, 0x4E43, 0xFFFF),
	(0xC9192085, 0x5BC4, 0xFFFF),
	(0xC9233733, 0x5904, 0xFFFF),
	(0xC932EB1D, 0x6253, 0xFFFF),
	(0xC946741A, 0x6DF7, 0xFFFF),
	(0xC95938DA, 0x9ED4, 0xFFFF),
	(0xC95DF892, 0x8912, 0xFFFF),
	(0xC992564F, 0x53E3, 0xFFFF),
	(0xC9941CE5, 0x72D0, 0xFFFF),
	(0xC9BABBFC, 0x66F4, 0xFFFF),
	(0xC9D48E21, 0x5356, 0xFFFF),
	(0xC9D8FFE8, 0x6234, 0xFFFF),
	(0xC9D9186D, 0x663E, 0xFFFF),
	(0xC9DB39D1, 0x66F2, 0xFFFF),
	(0xC9E072D9, 0x6854, 0xFFFF),
	(0xC9EA790C, 0x719F, 0xFFFF),
	(0xC9F98F8F, 0x8679, 0xFFFF),
	(0xCA107D1F, 0x53F8, 0xFFFF),
	(0xCA1AD099, 0x7AD6, 0xFFFF),
	(0xCA1D147B, 0x4E50, 0xFFFF),
	(0xCA325136, 0x6768, 0xFFFF),
	(0xCA575CB4, 0x72ED, 0xFFFF),
	(0xCA5B5B12, 0x5DF7, 0xFFFF),
	(0xCA96291D, 0x8179, 0xFFFF),
	(0xCAA90DC9, 0x9972, 0xFFFF),
	(0xCAB4BFBA, 0x6BB7, 0xFFFF),
	(0xCABF4D96, 0x848B, 0xFFFF),
	(0xCACB4225, 0x62FF, 0xFFFF),
	(0xCAD864B1, 0x70AB, 0xFFFF),
	(0xCAE0528C, 0x54C6, 0xFFFF),
	(0xCAF69BA1, 0x5639, 0xFFFF),
	(0xCB050A2D, 0x5703, 0xFFFF),
	(0xCB148AFB, 0x625B, 0xFFFF),
	(0xCB2210B7, 0x76D7, 0xFFFF),
	(0xCB470C30, 0x9042, 0xFFFF),
	(0xCB55E2BC, 0x8001, 0xFFFF),
	(0xCB6B8B75, 0x5996, 0xFFFF),
	(0xCB76523B, 0x874C, 0xFFFF),
	(0xCB7E248C, 0x95F2, 0xFFFF),
	(0xCB8B6733, 0x8D27, 0xFFFF),
	(0xCBB2904F, 0x4EAE, 0xFFFF),
	(0xCBC4FFB0, 0x66DD, 0xFFFF),
	(0xCBC9EDF9, 0x6602, 0xFFFF),
	(0xCBCDCD6B, 0x9504, 0xFFFF),
	(0xCBE4E75E, 0x6994, 0xFFFF),
	(0xCC1C36C4, 0x7984, 0xFFFF),
	(0xCC1D721B, 0x903C, 0xFFFF),
	(0xCC565832, 0x64E6, 0xFFFF),
	(0xCC6310F4, 0x62AB, 0xFFFF),
	(0xCC727F02, 0x76D0, 0xFFFF),
	(0xCC741299, 0x75D5, 0xFFFF),
	(0xCC7F5F07, 0x4E2B, 0xFFFF),
	(0xCC96D714, 0x5EF6, 0x00F6),
	(0xCC96D714, 0x5EF7, 0x00F7),
	(0xCCBA249A, 0x8D26, 0xFFFF),
	(0xCCC0D207, 0x75C7, 0xFFFF),
	(0xCCECA2CB, 0x901B, 0xFFFF),
	(0xCCF2A1CA, 0x7591, 0xFFFF),
	(0xCD231A61, 0x814A, 0xFFFF),
	(0xCD2F13EB, 0x8EB2, 0xFFFF),
	(0xCD47A6D8, 0x6551, 0xFFFF),
	(0xCD66997A, 0x7C27, 0xFFFF),
	(0xCD8F1EF7, 0x7F34, 0xFFFF),
	(0xCD92189F, 0x72F8, 0xFFFF),
	(0xCD931D7F, 0x7A77, 0xFFFF),
	(0xCD979A09, 0x5885, 0xFFFF),
	(0xCD98CBCF, 0x5343, 0x0070),
	(0xCD98CBCF, 0x6B63, 0x0071),
	(0xCD98CBCF, 0x738B, 0x0072),
	(0xCDD5C87B, 0x4EA4, 0xFFFF),
	(0xCE1228CC, 0x9A6F, 0xFFFF),
	(0xCE1D3535, 0x5162, 0xFFFF),
	(0xCE2EEF42, 0x8D44, 0xFFFF),
	(0xCE614859, 0x7F05, 0xFFFF),
	(0xCE9C0D4D, 0x8346, 0xFFFF),
	(0xCE9CD50B, 0x8305, 0xFFFF),
	(0xCEA5C91B, 0x9F7F, 0xFFFF),
	(0xCEC4836C, 0x516C, 0xFFFF),
	(0xCECD1897, 0x7B28, 0xFFFF),
	(0xCEDDC9FB, 0x6028, 0xFFFF),
	(0xCEEA8F0E, 0x6717, 0xFFFF),
	(0xCF024643, 0x6F88, 0xFFFF),
	(0xCF0393C1, 0x79BB, 0xFFFF),
	(0xCF154063, 0x8F91, 0xFFFF),
	(0xCF1DBE8F, 0x4F7F, 0xFFFF),
	(0xCF27A2F7, 0x4F0A, 0xFFFF),
	(0xCF32AA4D, 0x50AC, 0xFFFF),
	(0xCF336A82, 0x59A8, 0xFFFF),
	(0xCF47F927, 0x6273, 0xFFFF),
	(0xCF688819, 0x9CAB, 0xFFFF),
	(0xCF6DD1C7, 0x57AB, 0xFFFF),
	(0xCF7B50E4, 0x5F0A, 0xFFFF),
	(0xCF9A8B17, 0x9893, 0xFFFF),
	(0xCF9F3395, 0x4E34, 0xFFFF),
	(0xCFA61490, 0x9014, 0xFFFF),
	(0xCFC374C9, 0x8292, 0xFFFF),
	(0xCFEFE685, 0x798F, 0xFFFF),
	(0xD01D4321, 0x4ED9, 0xFFFF),
	(0xD02930A4, 0x5EB8, 0xFFFF),
	(0xD050A997, 0x54CD, 0xFFFF),
	(0xD053D527, 0x94DB, 0xFFFF),
	(0xD0B1DB5F, 0x5B9C, 0xFFFF),
	(0xD0BCA173, 0x57DF, 0xFFFF),
	(0xD0BE5B5A, 0x7EF0, 0xFFFF),
	(0xD0C65822, 0x5364, 0xFFFF),
	(0xD0C8F99B, 0x75F4, 0xFFFF),
	(0xD0EE06B2, 0x5239, 0xFFFF),
	(0xD0F34E5F, 0x4E32, 0xFFFF),
	(0xD12BB278, 0x690E, 0xFFFF),
	(0xD15BA24E, 0x5C4B, 0xFFFF),
	(0xD1640F7B, 0x8BE2, 0xFFFF),
	(0xD1670647, 0x8E72, 0xFFFF),
	(0xD179170A, 0x6C2E, 0xFFFF),
	(0xD17F90EB, 0x4FC3, 0xFFFF),
	(0xD18C06D2, 0x5FD9, 0xFFFF),
	(0xD1909A3A, 0x8DE4, 0xFFFF),
	(0xD1C47F24, 0x98DF, 0xFFFF),
	(0xD1CA73BD, 0x55FD, 0xFFFF),
	(0xD1D1BBA1, 0x51B2, 0xFFFF),
	(0xD1E51442, 0x952F, 0xFFFF),
	(0xD200DA35, 0x5026, 0xFFFF),
	(0xD20FB3D9, 0x87C0, 0xFFFF),
	(0xD21DC9E1, 0x8986, 0xFFFF),
	(0xD224F701, 0x77E9, 0xFFFF),
	(0xD22BF271, 0x522E, 0xFFFF),
	(0xD249F9EB, 0x6D51, 0xFFFF),
	(0xD264065D, 0x7CB9, 0xFFFF),
	(0xD27011A3, 0x662D, 0xFFFF),
	(0xD2A5763F, 0x62F1, 0xFFFF),
	(0xD2BF3B95, 0x64BC, 0xFFFF),
	(0xD2C6EDE2, 0x7A9F, 0xFFFF),
	(0xD2CB869E, 0x8C0E, 0xFFFF),
	(0xD2D65060, 0x9F3B, 0xFFFF),
	(0xD2DD20A4, 0x6B3A, 0xFFFF),
	(0xD2DE1ACD, 0x539F, 0xFFFF),
	(0xD2E2FAC7, 0x62B9, 0xFFFF),
	(0xD2E538A2, 0x5A92, 0xFFFF),
	(0xD2F271A7, 0x524D, 0xFFFF),
	(0xD3245288, 0x77DB, 0xFFFF),
	(0xD32C039E, 0x5C65, 0xFFFF),
	(0xD339AFCC, 0x8F85, 0xFFFF),
	(0xD351D0B1, 0x9A8C, 0xFFFF),
	(0xD35DE114, 0x64AC, 0xFFFF),
	(0xD364FD7C, 0x52FE, 0xFFFF),
	(0xD367C029, 0x900F, 0xFFFF),
	(0xD3858EE2, 0x5450, 0xFFFF),
	(0xD3949E57, 0x57AE, 0xFFFF),
	(0xD3B73F6F, 0x6614, 0xFFFF),
	(0xD3C26C32, 0x7C7B, 0xFFFF),
	(0xD3CEEFE5, 0x6DA1, 0xFFFF),
	(0xD3D47646, 0x8000, 0xFFFF),
	(0xD3E0369F, 0x6CE2, 0xFFFF),
	(0xD3E25731, 0x5A25, 0xFFFF),
	(0xD3E60579, 0x4ED4, 0xFFFF),
	(0xD408308B, 0x76DB, 0xFFFF),
	(0xD45ACF2D, 0x6868, 0xFFFF),
	(0xD485D846, 0x5DF4, 0xFFFF),
	(0xD487A87D, 0x5B9E, 0xFFFF),
	(0xD491B0AD, 0x63A2, 0xFFFF),
	(0xD4B65123, 0x7B54, 0xFFFF),
	(0xD4CEC800, 0x9664, 0xFFFF),
	(0xD4E9BD90, 0x7403, 0xFFFF),
	(0xD4E9D937, 0x5669, 0x011B),
	(0xD4E9D937, 0x7F6E, 0x011C),
	(0xD4E9D937, 0x91CF, 0x011A),
	(0xD4EDBBEE, 0x576F, 0xFFFF),
	(0xD4F04224, 0x780C, 0xFFFF),
	(0xD4F21E84, 0x4EAD, 0xFFFF),
	(0xD4F3B417, 0x7A96, 0xFFFF),
	(0xD4FDE43A, 0x6E43, 0xFFFF),
	(0xD50A8649, 0x7EDA, 0xFFFF),
	(0xD50EAA59, 0x9510, 0xFFFF),
	(0xD5242A10, 0x9000, 0xFFFF),
	(0xD5247F54, 0x8DA3, 0xFFFF),
	(0xD527F44F, 0x4F9B, 0xFFFF),
	(0xD54C4B74, 0x6328, 0xFFFF),
	(0xD566738F, 0x5362, 0xFFFF),
	(0xD5690CC3, 0x53EF, 0xFFFF),
	(0xD591DC07, 0x7A9C, 0xFFFF),
	(0xD59BF26C, 0x6012, 0xFFFF),
	(0xD5CDACCF, 0x8695, 0xFFFF),
	(0xD5D2E5F9, 0x5757, 0xFFFF),
	(0xD5F64F00, 0x6EC7, 0xFFFF),
	(0xD5FB2977, 0x9B41, 0xFFFF),
	(0xD612E162, 0x9B4F, 0xFFFF),
	(0xD6142D72, 0x8E0A, 0xFFFF),
	(0xD62B4073, 0x6C99, 0xFFFF),
	(0xD6629865, 0x594B, 0xFFFF),
	(0xD68332FC, 0x80F0, 0xFFFF),
	(0xD6AEE100, 0x6EBA, 0xFFFF),
	(0xD6B859C7, 0x851A, 0xFFFF),
	(0xD6DD57C1, 0x76D1, 0xFFFF),
	(0xD6E97AD9, 0x4E54, 0xFFFF),
	(0xD6F168DC, 0x51B7, 0x0020),
	(0xD6F168DC, 0x5FD7, 0x001F),
	(0xD6F4FE2D, 0x8877, 0xFFFF),
	(0xD6FF9EFC, 0x4EF0, 0xFFFF),
	(0xD7067633, 0x7EC4, 0xFFFF),
	(0xD70808F3, 0x65C5, 0xFFFF),
	(0xD710B61A, 0x8D5A, 0xFFFF),
	(0xD712E1B8, 0x6F2B, 0xFFFF),
	(0xD7258131, 0x96A7, 0xFFFF),
	(0xD72854A5, 0x5730, 0xFFFF),
	(0xD72DEA22, 0x67D2, 0xFFFF),
	(0xD74F8E4A, 0x4EE3, 0x00A7),
	(0xD74F8E4A, 0x6C38, 0x00A6),
	(0xD77B40F1, 0x904D, 0xFFFF),
	(0xD792C272, 0x613F, 0xFFFF),
	(0xD795DC5F, 0x770B, 0xFFFF),
	(0xD7AA24AE, 0x5DF2, 0xFFFF),
	(0xD7B07DBA, 0x8DC3, 0xFFFF),
	(0xD7E1CFD3, 0x96FE, 0xFFFF),
	(0xD7EB3721, 0x904F, 0xFFFF),
	(0xD7EF2F6C, 0x517B, 0xFFFF),
	(0xD7F7B7CE, 0x73B2, 0xFFFF),
	(0xD841F67A, 0x785D, 0xFFFF),
	(0xD8624D84, 0x642D, 0xFFFF),
	(0xD872963A, 0x7EFD, 0xFFFF),
	(0xD8990465, 0x803B, 0xFFFF),
	(0xD899CF95, 0x5288, 0xFFFF),
	(0xD8EC3E6B, 0x51CC, 0xFFFF),
	(0xD8FA62B2, 0x88C2, 0xFFFF),
	(0xD909D183, 0x5A46, 0xFFFF),
	(0xD9142653, 0x9102, 0xFFFF),
	(0xD92F176E, 0x72B6, 0xFFFF),
	(0xD92F35E7, 0x5305, 0x0035),
	(0xD92F35E7, 0x8FB0, 0x0034),
	(0xD930EBD0, 0x5F02, 0xFFFF),
	(0xD937E687, 0x4FA3, 0x00BB),
	(0xD937E687, 0x5BAB, 0x00BA),
	(0xD944C361, 0x59D3, 0xFFFF),
	(0xD94FEF67, 0x4ECD, 0xFFFF),
	(0xD9658928, 0x6EB6, 0xFFFF),
	(0xD9731E38, 0x7EE9, 0xFFFF),
	(0xD9874A71, 0x60A8, 0xFFFF),
	(0xD9A7B835, 0x52C3, 0xFFFF),
	(0xD9B1F3CD, 0x5218, 0xFFFF),
	(0xD9D0D8EB, 0x6C6A, 0xFFFF),
	(0xD9D520D9, 0x662F, 0xFFFF),
	(0xD9D8C572, 0x540C, 0x002B),
	(0xD9D8C572, 0x8033, 0x002C),
	(0xDA260033, 0x6F0F, 0xFFFF),
	(0xDA4E3C4F, 0x7076, 0xFFFF),
	(0xDA57FE27, 0x804C, 0xFFFF),
	(0xDA7A54EA, 0x679D, 0xFFFF),
	(0xDA9554BF, 0x84B8, 0xFFFF),
	(0xDA9B5173, 0x7766, 0xFFFF),
	(0xDA9D9E41, 0x521A, 0xFFFF),
	(0xDAADE55A, 0x5C4F, 0xFFFF),
	(0xDAB159E6, 0x5C3C, 0xFFFF),
	(0xDAC6BD06, 0x59FF, 0xFFFF),
	(0xDACE6101, 0x5E95, 0xFFFF),
	(0xDAE44E41, 0x6CAA, 0xFFFF),
	(0xDB04A73E, 0x5355, 0xFFFF),
	(0xDB12B3C8, 0x536F, 0xFFFF),
	(0xDB1AA9F7, 0x8759, 0xFFFF),
	(0xDB550A13, 0x67C4, 0xFFFF),
	(0xDB667593, 0x7FFC, 0xFFFF),
	(0xDB74AA62, 0x62FC, 0xFFFF),
	(0xDB7E13EF, 0x54C9, 0xFFFF),
	(0xDB939D4C, 0x6CE8, 0xFFFF),
	(0xDBA58BF8, 0x7891, 0xFFFF),
	(0xDBD0A6E1, 0x53CB, 0xFFFF),
	(0xDBEAD2AD, 0x94C5, 0xFFFF),
	(0xDBED3BD3, 0x4F38, 0xFFFF),
	(0xDBF14622, 0x8747, 0xFFFF),
	(0xDC13C1FE, 0x8D66, 0xFFFF),
	(0xDC43A254, 0x5427, 0xFFFF),
	(0xDC6940B9, 0x582A, 0xFFFF),
	(0xDC782751, 0x7A0B, 0xFFFF),
	(0xDC92AEF9, 0x7B80, 0xFFFF),
	(0xDC9E2C16, 0x56CA, 0xFFFF),
	(0xDCA4C7CD, 0x60B4, 0xFFFF),
	(0xDCB3DB5E, 0x5E86, 0xFFFF),
	(0xDCB757DD, 0x73B7, 0xFFFF),
	(0xDCB8E81E, 0x68C9, 0xFFFF),
	(0xDCBA0B5F, 0x83B1, 0xFFFF),
	(0xDCBB2EE2, 0x67A2, 0xFFFF),
	(0xDCC59066, 0x5F69, 0xFFFF),
	(0xDCDD95D8, 0x54AC, 0xFFFF),
	(0xDD097EA3, 0x654C, 0xFFFF),
	(0xDD11D3BD, 0x8F9F, 0xFFFF),
	(0xDD14F263, 0x76CA, 0xFFFF),
	(0xDD1D6B4E, 0x57CE, 0xFFFF),
	(0xDD35AB67, 0x5185, 0x0048),
	(0xDD35AB67, 0x5E03, 0x004C),
	(0xDD35AB67, 0x65B9, 0x0049),
	(0xDD35AB67, 0x65E0, 0x004A),
	(0xDD35AB67, 0x6731, 0x004B),
	(0xDD599B28, 0x96F3, 0xFFFF),
	(0xDDCDE690, 0x62A2, 0xFFFF),
	(0xDDD3003F, 0x7261, 0xFFFF),
	(0xDDF75E58, 0x5E1A, 0xFFFF),
	(0xDE19BF30, 0x8D2D, 0xFFFF),
	(0xDE2DA9FB, 0x6697, 0xFFFF),
	(0xDE62CC4B, 0x72B9, 0xFFFF),
	(0xDE769FBF, 0x9093, 0xFFFF),
	(0xDE973125, 0x4E2D, 0x0102),
	(0xDE973125, 0x65E9, 0x0104),
	(0xDE973125, 0x767E, 0x0103),
	(0xDE9B4FDF, 0x9ED8, 0xFFFF),
	(0xDEA4AB25, 0x54F2, 0xFFFF),
	(0xDEAC60BD, 0x5B69, 0xFFFF),
	(0xDEB2FD3D, 0x8D24, 0xFFFF),
	(0xDED8B4D2, 0x79E9, 0xFFFF),
	(0xDEE1D47B, 0x8258, 0xFFFF),
	(0xDEF17F66, 0x76D2, 0xFFFF),
	(0xDEFD19CD, 0x8D34, 0xFFFF),
	(0xDF2018A7, 0x80AE, 0xFFFF),
	(0xDF6BC3FA, 0x7B77, 0xFFFF),
	(0xDF78947A, 0x535C, 0x00B7),
	(0xDF78947A, 0x5382, 0x00B6),
	(0xDF81F12C, 0x676F, 0xFFFF),
	(0xDF904E37, 0x542D, 0xFFFF),
	(0xDF91DA04, 0x60E7, 0xFFFF),
	(0xDF96EA94, 0x5F80, 0xFFFF),
	(0xDF9CD6CB, 0x7EB2, 0xFFFF),
	(0xDFC58D3B, 0x4E73, 0xFFFF),
	(0xDFCD73A3, 0x949E, 0xFFFF),
	(0xE00ACAEF, 0x8D4E, 0xFFFF),
	(0xE01C271F, 0x5410, 0xFFFF),
	(0xE03769DF, 0x9759, 0xFFFF),
	(0xE07C9DB6, 0x8282, 0x010D),
	(0xE07C9DB6, 0x8D1F, 0x010C),
	(0xE098E35B, 0x68D2, 0xFFFF),
	(0xE0B17B69, 0x8F6F, 0xFFFF),
	(0xE0B66924, 0x6740, 0xFFFF),
	(0xE0CEDFA9, 0x5D14, 0xFFFF),
	(0xE0D20D40, 0x7F2D, 0xFFFF),
	(0xE0EC12E5, 0x77BB, 0xFFFF),
	(0xE0EDF1C9, 0x5E10, 0xFFFF),
	(0xE1037F54, 0x8106, 0xFFFF),
	(0xE105C868, 0x87C6, 0xFFFF),
	(0xE1176F9C, 0x558A, 0xFFFF),
	(0xE127C1D2, 0x6280, 0xFFFF),
	(0xE14A84BB, 0x6BCF, 0xFFFF),
	(0xE163A877, 0x63CD, 0xFFFF),
	(0xE17C03CF, 0x56DB, 0xFFFF),
	(0xE183A8C7, 0x6108, 0xFFFF),
	(0xE19BB1EA, 0x8DCC, 0xFFFF),
	(0xE19CA1D1, 0x63A5, 0xFFFF),
	(0xE1A79CF9, 0x5C60, 0xFFFF),
	(0xE20DF3F6, 0x9022, 0xFFFF),
	(0xE22846A6, 0x63A8, 0xFFFF),
	(0xE22EF6BA, 0x733F, 0xFFFF),
	(0xE23D5E9D, 0x5269, 0xFFFF),
	(0xE2511F51, 0x9988, 0xFFFF),
	(0xE25F1032, 0x8881, 0xFFFF),
	(0xE269B9A6, 0x96BE, 0xFFFF),
	(0xE26D43FB, 0x8FD1, 0xFFFF),
	(0xE2796563, 0x61BE, 0xFFFF),
	(0xE2A08332, 0x62D3, 0xFFFF),
	(0xE2A8315A, 0x6D66, 0xFFFF),
	(0xE2B7E1B6, 0x505A, 0xFFFF),
	(0xE2C13220, 0x8868, 0xFFFF),
	(0xE2C171E2, 0x6B3E, 0xFFFF),
	(0xE301EE35, 0x6670, 0xFFFF),
	(0xE32E2BCD, 0x677E, 0xFFFF),
	(0xE3408EC6, 0x540D, 0xFFFF),
	(0xE37050A3, 0x5367, 0xFFFF),
	(0xE3769933, 0x5BDF, 0xFFFF),
	(0xE38B7B73, 0x80AA, 0xFFFF),
	(0xE3A48718, 0x96D5, 0xFFFF),
	(0xE3B2092C, 0x7EF8, 0xFFFF),
	(0xE3BADFE9, 0x9B13, 0xFFFF),
	(0xE3BFD02D, 0x4EA5, 0xFFFF),
	(0xE3C243FE, 0x539A, 0xFFFF),
	(0xE3D5F38F, 0x5B8F, 0xFFFF),
	(0xE3DA9FA7, 0x5DCD, 0xFFFF),
	(0xE3EA1E51, 0x81E3, 0xFFFF),
	(0xE4198ECA, 0x6CFB, 0xFFFF),
	(0xE41F0E67, 0x62E6, 0xFFFF),
	(0xE43219CA, 0x606C, 0xFFFF),
	(0xE4471D2B, 0x7EA7, 0xFFFF),
	(0xE4818112, 0x707C, 0xFFFF),
	(0xE4C5BEC7, 0x5A31, 0xFFFF),
	(0xE4E41E19, 0x78C1, 0xFFFF),
	(0xE5035327, 0x51E1, 0xFFFF),
	(0xE51458BD, 0x602F, 0xFFFF),
	(0xE5315458, 0x59A5, 0xFFFF),
	(0xE55C6630, 0x5C18, 0xFFFF),
	(0xE58DFF10, 0x6C5D, 0xFFFF),
	(0xE5A80CB1, 0x9ED1, 0xFFFF),
	(0xE5AEB890, 0x6D3B, 0xFFFF),
	(0xE5AF2976, 0x7A00, 0xFFFF),
	(0xE5BE1ED8, 0x9B42, 0xFFFF),
	(0xE5C3D1A8, 0x8FD8, 0xFFFF),
	(0xE5ED45E6, 0x6DF3, 0xFFFF),
	(0xE5F24DE3, 0x54C7, 0xFFFF),
	(0xE60B7404, 0x96CF, 0xFFFF),
	(0xE624560B, 0x5361, 0xFFFF),
	(0xE62FC08D, 0x832B, 0xFFFF),
	(0xE64FA975, 0x857E, 0xFFFF),
	(0xE66DA00C, 0x788E, 0xFFFF),
	(0xE685C1DA, 0x6068, 0xFFFF),
	(0xE6866833, 0x5509, 0xFFFF),
	(0xE69547A1, 0x7ADE, 0xFFFF),
	(0xE6A0562F, 0x5B99, 0xFFFF),
	(0xE6AD3634, 0x676D, 0xFFFF),
	(0xE6AEEEC8, 0x5543, 0xFFFF),
	(0xE6B025C0, 0x5085, 0xFFFF),
	(0xE6D60961, 0x9CA8, 0xFFFF),
	(0xE6FA156E, 0x7EBD, 0xFFFF),
	(0xE6FC2E68, 0x6127, 0xFFFF),
	(0xE70C4417, 0x53D1, 0xFFFF),
	(0xE733C081, 0x9E3D, 0xFFFF),
	(0xE73E25F5, 0x5531, 0xFFFF),
	(0xE7470446, 0x7384, 0xFFFF),
	(0xE77462DE, 0x72E1, 0x00DF),
	(0xE77462DE, 0x8F83, 0x00E0),
	(0xE77BB0D3, 0x796D, 0xFFFF),
	(0xE794B7F5, 0x7AA5, 0xFFFF),
	(0xE7974354, 0x7B95, 0xFFFF),
	(0xE79A3386, 0x5CFB, 0xFFFF),
	(0xE7BD1092, 0x83CA, 0xFFFF),
	(0xE7FF277A, 0x517C, 0xFFFF),
	(0xE804190B, 0x8C0A, 0xFFFF),
	(0xE806C887, 0x76B1, 0xFFFF),
	(0xE808B737, 0x4F11, 0x0051),
	(0xE808B737, 0x4F50, 0x0052),
	(0xE808B737, 0x5316, 0x0053),
	(0xE80EB68A, 0x6CA7, 0xFFFF),
	(0xE823E81A, 0x7855, 0xFFFF),
	(0xE8634BFF, 0x6382, 0xFFFF),
	(0xE8698511, 0x4FEE, 0xFFFF),
	(0xE88CA35D, 0x8336, 0xFFFF),
	(0xE8A21F3F, 0x8FFD, 0xFFFF),
	(0xE8A2345A, 0x524A, 0xFFFF),
	(0xE8CB3234, 0x6BD4, 0xFFFF),
	(0xE8D17B3F, 0x503E, 0xFFFF),
	(0xE8E52E15, 0x8E6D, 0xFFFF),
	(0xE8ED8992, 0x7F13, 0xFFFF),
	(0xE8F21E1D, 0x8D9F, 0xFFFF),
	(0xE8FA10C6, 0x94DC, 0xFFFF),
	(0xE8FD8987, 0x80F6, 0xFFFF),
	(0xE91C52C3, 0x9884, 0xFFFF),
	(0xE921D308, 0x7095, 0xFFFF),
	(0xE93CC2A1, 0x6652, 0xFFFF),
	(0xE943E0BC, 0x75A4, 0xFFFF),
	(0xE944F87A, 0x7F15, 0xFFFF),
	(0xE95D7332, 0x5FA1, 0xFFFF),
	(0xE972F304, 0x6D3C, 0xFFFF),
	(0xE9748FBA, 0x6C11, 0x004E),
	(0xE9748FBA, 0x820D, 0x004D),
	(0xE9762432, 0x804B, 0xFFFF),
	(0xE98627B6, 0x8718, 0xFFFF),
	(0xE989ED59, 0x5E7F, 0xFFFF),
	(0xE98DAD31, 0x529D, 0xFFFF),
	(0xE9B623E6, 0x5E26, 0xFFFF),
	(0xE9B8BC90, 0x6E85, 0xFFFF),
	(0xE9C113A7, 0x76D6, 0x0115),
	(0xE9C113A7, 0x79DF, 0x0114),
	(0xE9C8F451, 0x5BB4, 0xFFFF),
	(0xEA35A25F, 0x7FBD, 0xFFFF),
	(0xEA451041, 0x803D, 0xFFFF),
	(0xEA59E065, 0x8BD7, 0xFFFF),
	(0xEA6B270C, 0x8F7B, 0xFFFF),
	(0xEA6E0986, 0x57C3, 0xFFFF),
	(0xEA8FA2EC, 0x970D, 0xFFFF),
	(0xEA9AE2E1, 0x5012, 0xFFFF),
	(0xEAA23397, 0x77ED, 0xFFFF),
	(0xEAB28D2D, 0x8D3F, 0xFFFF),
	(0xEABE3A21, 0x7B19, 0xFFFF),
	(0xEAE87B83, 0x7F55, 0xFFFF),
	(0xEAF84128, 0x63ED, 0xFFFF),
	(0xEAFB84E3, 0x5F53, 0xFFFF),
	(0xEB10B47B, 0x53E5, 0xFFFF),
	(0xEB56FEC9, 0x7F69, 0xFFFF),
	(0xEB67EC4D, 0x6BEB, 0xFFFF),
	(0xEB8B742E, 0x6CFC, 0xFFFF),
	(0xEB9ADC55, 0x4FB5, 0xFFFF),
	(0xEBA55977, 0x96F6, 0xFFFF),
	(0xEBAAD50C, 0x8BFA, 0xFFFF),
	(0xEBCB8E6B, 0x6376, 0xFFFF),
	(0xEBCC0E60, 0x6210, 0xFFFF),
	(0xEBCDD87D, 0x9E64, 0xFFFF),
	(0xEBD1C0AC, 0x95FB, 0xFFFF),
	(0xEBDEBB56, 0x4E8B, 0xFFFF),
	(0xEBE7CF5D, 0x56DA, 0xFFFF),
	(0xEBFA9137, 0x521D, 0xFFFF),
	(0xEBFBC10B, 0x916A, 0xFFFF),
	(0xEC104FC7, 0x6CCA, 0xFFFF),
	(0xEC1C01CB, 0x5C0F, 0xFFFF),
	(0xEC229A1E, 0x8D22, 0xFFFF),
	(0xEC259985, 0x96C6, 0xFFFF),
	(0xEC3202DC, 0x8111, 0xFFFF),
	(0xEC4A9293, 0x878D, 0xFFFF),
	(0xEC4F6CDA, 0x5438, 0xFFFF),
	(0xEC5EAB6E, 0x7FF0, 0xFFFF),
	(0xEC6FB9B2, 0x9187, 0xFFFF),
	(0xEC86AF5F, 0x5FF1, 0xFFFF),
	(0xEC8B00A6, 0x7AEF, 0xFFFF),
	(0xEC8C8526, 0x903B, 0xFFFF),
	(0xECA820D7, 0x7EC8, 0xFFFF),
	(0xECB1DC11, 0x62D2, 0xFFFF),
	(0xECF11A4F, 0x6574, 0xFFFF),
	(0xECF19DF0, 0x5D16, 0xFFFF),
	(0xED0A5427, 0x60DC, 0xFFFF),
	(0xED51E7A5, 0x5E74, 0x0044),
	(0xED51E7A5, 0x820C, 0x0045),
	(0xEDFA3895, 0x91CA, 0xFFFF),
	(0xEDFB9568, 0x87BA, 0xFFFF),
	(0xEE09E514, 0x9A86, 0xFFFF),
	(0xEE0A3359, 0x9540, 0xFFFF),
	(0xEE26444B, 0x70E7, 0xFFFF),
	(0xEE41E4FE, 0x9704, 0xFFFF),
	(0xEE95224E, 0x72D7, 0xFFFF),
	(0xEE96BD76, 0x58A9, 0xFFFF),
	(0xEEA11E8A, 0x914C, 0xFFFF),
	(0xEEBA5CDC, 0x9E2F, 0xFFFF),
	(0xEED41C51, 0x79C0, 0xFFFF),
	(0xEEF5E9BC, 0x8F86, 0xFFFF),
	(0xEF14AC06, 0x620C, 0xFFFF),
	(0xEF157412, 0x4E07, 0x0030),
	(0xEF157412, 0x53BB, 0x002F),
	(0xEF157412, 0x592D, 0x002D),
	(0xEF157412, 0x5C6F, 0x0031),
	(0xEF157412, 0x624B, 0x002E),
	(0xEF4316AE, 0x821E, 0xFFFF),
	(0xEF546C79, 0x8482, 0xFFFF),
	(0xEF841FF1, 0x7F09, 0xFFFF),
	(0xEFA8351B, 0x4FE1, 0xFFFF),
	(0xEFB8236C, 0x5C48, 0xFFFF),
	(0xEFBC9FEC, 0x7A0D, 0xFFFF),
	(0xEFC753E3, 0x8776, 0xFFFF),
	(0xEFD71E76, 0x665A, 0xFFFF),
	(0xEFE7D066, 0x6761, 0xFFFF),
	(0xEFE995E0, 0x6279, 0xFFFF),
	(0xEFEFAA57, 0x7EFF, 0xFFFF),
	(0xEFFA79B7, 0x4E1D, 0x0111),
	(0xEFFA79B7, 0x6349, 0x0110),
	(0xF0076C34, 0x79BD, 0xFFFF),
	(0xF03EF05D, 0x4E3A, 0x0085),
	(0xF03EF05D, 0x5149, 0x0087),
	(0xF03EF05D, 0x540F, 0x0086),
	(0xF0499CD7, 0x7784, 0xFFFF),
	(0xF0BA5B80, 0x591A, 0xFFFF),
	(0xF0CAE23C, 0x9971, 0xFFFF),
	(0xF0DB99DC, 0x80A0, 0xFFFF),
	(0xF0E0B1DA, 0x4E60, 0xFFFF),
	(0xF0EDDAFC, 0x6DFB, 0xFFFF),
	(0xF124887A, 0x5C2C, 0xFFFF),
	(0xF13AB8E5, 0x51F3, 0xFFFF),
	(0xF1579519, 0x4E49, 0xFFFF),
	(0xF1585D25, 0x5148, 0x0073),
	(0xF1585D25, 0x5DEE, 0x0074),
	(0xF1585D25, 0x6B7B, 0x0075),
	(0xF15C19F2, 0x642C, 0xFFFF),
	(0xF15CA1D9, 0x97E9, 0xFFFF),
	(0xF15FF784, 0x626E, 0xFFFF),
	(0xF16A420F, 0x7530, 0xFFFF),
	(0xF18FEEA2, 0x7A76, 0xFFFF),
	(0xF19960AA, 0x94C3, 0xFFFF),
	(0xF1ABB50F, 0x5B5F, 0xFFFF),
	(0xF1B096C2, 0x5176, 0xFFFF),
	(0xF1F973DA, 0x7EB1, 0xFFFF),
	(0xF21A6E63, 0x80DE, 0xFFFF),
	(0xF2232578, 0x758F, 0xFFFF),
	(0xF26678F9, 0x8138, 0xFFFF),
	(0xF2763111, 0x6B32, 0xFFFF),
	(0xF28CA9ED, 0x7B3C, 0xFFFF),
	(0xF29CDE05, 0x7D6E, 0xFFFF),
	(0xF2B93C8B, 0x632B, 0xFFFF),
	(0xF2D4CEA1, 0x73CD, 0xFFFF),
	(0xF2DB111F, 0x7EAC, 0xFFFF),
	(0xF3315888, 0x9A7B, 0xFFFF),
	(0xF3458AE9, 0x90C1, 0xFFFF),
	(0xF34626BA, 0x9975, 0xFFFF),
	(0xF359EE77, 0x626F, 0xFFFF),
	(0xF35F48F9, 0x5434, 0xFFFF),
	(0xF3664469, 0x80B4, 0xFFFF),
	(0xF379D014, 0x8C08, 0xFFFF),
	(0xF3909DFF, 0x80CE, 0xFFFF),
	(0xF39B4638, 0x4E03, 0x0000),
	(0xF39B4638, 0x5165, 0x0003),
	(0xF39B4638, 0x536B, 0x0002),
	(0xF39B4638, 0x5915, 0x0001),
	(0xF3AC6C3F, 0x803F, 0xFFFF),
	(0xF3C2087A, 0x98D8, 0xFFFF),
	(0xF3C95B6A, 0x66FF, 0xFFFF),
	(0xF3CF4CEE, 0x6A1F, 0xFFFF),
	(0xF430F46D, 0x81ED, 0xFFFF),
	(0xF46409FF, 0x914D, 0xFFFF),
	(0xF4704449, 0x578B, 0xFFFF),
	(0xF49F4F74, 0x8299, 0xFFFF),
	(0xF4C4286D, 0x4FFA, 0xFFFF),
	(0xF4E0A082, 0x9274, 0xFFFF),
	(0xF4F5C282, 0x817E, 0xFFFF),
	(0xF50CBE88, 0x557C, 0xFFFF),
	(0xF5197362, 0x6D4F, 0xFFFF),
	(0xF52038F8, 0x4F19, 0xFFFF),
	(0xF5205771, 0x4E4C, 0xFFFF),
	(0xF53511C2, 0x75AB, 0xFFFF),
	(0xF538B999, 0x4F2A, 0xFFFF),
	(0xF54110F1, 0x4ED3, 0xFFFF),
	(0xF54187E0, 0x7CBE, 0xFFFF),
	(0xF57E6D39, 0x6BC5, 0xFFFF),
	(0xF59B744A, 0x5076, 0xFFFF),
	(0xF5B5FFA7, 0x77AC, 0xFFFF),
	(0xF5E88757, 0x5462, 0xFFFF),
	(0xF606D218, 0x5507, 0xFFFF),
	(0xF606E663, 0x4FF1, 0xFFFF),
	(0xF60A7C67, 0x9163, 0xFFFF),
	(0xF61E37F1, 0x7FE9, 0xFFFF),
	(0xF64F2B50, 0x504F, 0xFFFF),
	(0xF657CB1A, 0x7EBA, 0xFFFF),
	(0xF65DBF4A, 0x4F4D, 0xFFFF),
	(0xF6672095, 0x8C5A, 0xFFFF),
	(0xF66E0C3B, 0x776B, 0xFFFF),
	(0xF66E8F02, 0x7F00, 0xFFFF),
	(0xF681C1F0, 0x8DBE, 0xFFFF),
	(0xF68C7F4D, 0x8338, 0xFFFF),
	(0xF6C8F9E4, 0x8884, 0xFFFF),
	(0xF7051F65, 0x51C6, 0xFFFF),
	(0xF721373E, 0x6D4E, 0xFFFF),
	(0xF7462B9D, 0x5F1B, 0xFFFF),
	(0xF75D2CF1, 0x7B1B, 0xFFFF),
	(0xF7634084, 0x5DF3, 0x00C9),
	(0xF7634084, 0x77F3, 0x00CA),
	(0xF783FA04, 0x516B, 0xFFFF),
	(0xF79FCD63, 0x9017, 0xFFFF),
	(0xF7A9C9AF, 0x622A, 0xFFFF),
	(0xF7B8D2B4, 0x89C6, 0xFFFF),
	(0xF7C1C86B, 0x6587, 0xFFFF),
	(0xF7DA598B, 0x68A6, 0xFFFF),
	(0xF815244C, 0x59D4, 0xFFFF),
	(0xF823A657, 0x6CB9, 0xFFFF),
	(0xF83C5021, 0x614E, 0xFFFF),
	(0xF83E30A7, 0x666E, 0xFFFF),
	(0xF841BDCB, 0x7130, 0xFFFF),
	(0xF8448651, 0x5CB3, 0xFFFF),
	(0xF851CFA9, 0x6F5C, 0xFFFF),
	(0xF863800F, 0x8713, 0xFFFF),
	(0xF864FF99, 0x75AE, 0xFFFF),
	(0xF8653FD1, 0x53F7, 0xFFFF),
	(0xF8820126, 0x852C, 0xFFFF),
	(0xF88B6C39, 0x8D4F, 0xFFFF),
	(0xF88DD80C, 0x6479, 0xFFFF),
	(0xF88E6826, 0x964B, 0xFFFF),
	(0xF8A25CAF, 0x6EF4, 0xFFFF),
	(0xF8C404AB, 0x5EA7, 0xFFFF),
	(0xF8F74F69, 0x7C92, 0xFFFF),
	(0xF907D6CD, 0x6863, 0xFFFF),
	(0xF926CCF1, 0x4E22, 0xFFFF),
	(0xF9286288, 0x6CE5, 0xFFFF),
	(0xF92C037D, 0x5BDD, 0xFFFF),
	(0xF93029A3, 0x6808, 0xFFFF),
	(0xF9658935, 0x5E2D, 0xFFFF),
	(0xF97ADBE7, 0x8BFE, 0xFFFF),
	(0xF98E63CE, 0x7802, 0xFFFF),
	(0xF99AB02E, 0x62E7, 0xFFFF),
	(0xF9AA3AA3, 0x6346, 0xFFFF),
	(0xF9AFBE3B, 0x67CF, 0xFFFF),
	(0xF9C4E69B, 0x7C7D, 0xFFFF),
	(0xF9C57FD7, 0x68F5, 0xFFFF),
	(0xF9D0DF76, 0x590D, 0xFFFF),
	(0xF9E87FE2, 0x5349, 0xFFFF),
	(0xF9F84400, 0x54E5, 0xFFFF),
	(0xFA17AA83, 0x811A, 0xFFFF),
	(0xFA369827, 0x53C2, 0xFFFF),
	(0xFA4015A5, 0x6D3D, 0xFFFF),
	(0xFA605A22, 0x7785, 0xFFFF),
	(0xFA696966, 0x4E25, 0xFFFF),
	(0xFA6F2E5A, 0x7978, 0xFFFF),
	(0xFA7867B7, 0x6E83, 0xFFFF),
	(0xFA940F7F, 0x8D3C, 0xFFFF),
	(0xFA94B422, 0x57F9, 0xFFFF),
	(0xFA9C084F, 0x6F06, 0xFFFF),
	(0xFAAE9036, 0x514D, 0xFFFF),
	(0xFAB779A6, 0x75BC, 0xFFFF),
	(0xFABCE111, 0x9986, 0xFFFF),
	(0xFACEE173, 0x7A57, 0xFFFF),
	(0xFAED8B31, 0x9A79, 0xFFFF),
	(0xFAFF8958, 0x5254, 0xFFFF),
	(0xFB18892D, 0x4F10, 0xFFFF),
	(0xFB5092A0, 0x4EA7, 0xFFFF),
	(0xFB60A715, 0x8D61, 0xFFFF),
	(0xFB6DFAB8, 0x8019, 0xFFFF),
	(0xFB89A778, 0x5385, 0xFFFF),
	(0xFB9BBB10, 0x5AC2, 0xFFFF),
	(0xFBAB4443, 0x4EF6, 0xFFFF),
	(0xFBB4E9E9, 0x9F84, 0xFFFF),
	(0xFBF6FD2D, 0x658B, 0xFFFF),
	(0xFC0D6894, 0x8042, 0xFFFF),
	(0xFC0E19B9, 0x5C41, 0xFFFF),
	(0xFC0E2F16, 0x5FAE, 0xFFFF),
	(0xFC300A0C, 0x7977, 0xFFFF),
	(0xFC3D7C8D, 0x5E9A, 0xFFFF),
	(0xFC41D9BA, 0x7267, 0xFFFF),
	(0xFC616F9F, 0x5E1C, 0xFFFF),
	(0xFC632922, 0x6252, 0xFFFF),
	(0xFC7187B8, 0x77FE, 0xFFFF),
	(0xFC7512C4, 0x67AB, 0xFFFF),
	(0xFC93324F, 0x6597, 0xFFFF),
	(0xFC9E02CC, 0x7B56, 0xFFFF),
	(0xFCB5B265, 0x620E, 0xFFFF),
	(0xFCCB3BC2, 0x5F1F, 0xFFFF),
	(0xFCD771CE, 0x8D39, 0xFFFF),
	(0xFCEEA8C4, 0x5E94, 0xFFFF),
	(0xFCF6344E, 0x95EA, 0xFFFF),
	(0xFCFCEC4F, 0x76F2, 0xFFFF),
	(0xFD0CBF6F, 0x7272, 0xFFFF),
	(0xFD0F80BD, 0x5BB6, 0xFFFF),
	(0xFD2F4134, 0x8D2C, 0xFFFF),
	(0xFD481F60, 0x6F3E, 0xFFFF),
	(0xFD5682CB, 0x8DF5, 0xFFFF),
	(0xFD740ACB, 0x805A, 0xFFFF),
	(0xFD906488, 0x767B, 0xFFFF),
	(0xFD9715F1, 0x7709, 0xFFFF),
	(0xFDA70A2F, 0x5706, 0xFFFF),
	(0xFDAC9F17, 0x4E30, 0x0012),
	(0xFDAC9F17, 0x4E45, 0x0010),
	(0xFDAC9F17, 0x7247, 0x0011),
	(0xFDAC9F17, 0x725B, 0x0013),
	(0xFDB37B44, 0x7F30, 0xFFFF),
	(0xFDBB6E1A, 0x5455, 0xFFFF),
	(0xFDCF29BF, 0x53FD, 0xFFFF),
	(0xFDD88D87, 0x7D27, 0xFFFF),
	(0xFDDA0C7F, 0x4E56, 0xFFFF),
	(0xFDF68551, 0x7433, 0xFFFF),
	(0xFE0C3BF9, 0x60E8, 0xFFFF),
	(0xFE1ECB01, 0x6D41, 0xFFFF),
	(0xFE3E8594, 0x95FA, 0xFFFF),
	(0xFE70D2C5, 0x5A07, 0xFFFF),
	(0xFE72F31F, 0x8BC4, 0xFFFF),
	(0xFE936B52, 0x5544, 0xFFFF),
	(0xFEA7EB27, 0x8D6B, 0xFFFF),
	(0xFED10845, 0x7BD3, 0xFFFF),
	(0xFF105097, 0x704C, 0xFFFF),
	(0xFF10F2F1, 0x58E4, 0xFFFF),
	(0xFF4ECD2A, 0x7830, 0xFFFF),
	(0xFF5269D0, 0x5B87, 0x000F),
	(0xFF5269D0, 0x6734, 0x000E),
	(0xFF547F37, 0x5ACC, 0xFFFF),
	(0xFFB46E36, 0x5217, 0xFFFF),
	(0xFFBF50F6, 0x4FAF, 0xFFFF),
	(0xFFC2ABA0, 0x5E1D, 0xFFFF),
	(0xFFCCCCD4, 0x955C, 0xFFFF),
	(0xFFF1ECDD, 0x77A7, 0xFFFF),
	(0xFFF4EEA7, 0x649E, 0xFFFF),
];

/// 16 evenly spaced points (font::ref_indices) of the base glyph, for layouts shared by several characters.
pub static REFS: [[(i16, i16); 16]; 303] = [
	[(70, 385), (59, 456), (375, 814), (450, 501), (963, 496), (450, 129), (559, 32), (837, 25), (851, 105), (859, 168), (871, 238), (943, 211), (920, 72), (755, -42), (370, -44), (375, 422)],
	[(104, 319), (80, 348), (169, 480), (357, 716), (494, 802), (405, 667), (907, 594), (652, 217), (479, 51), (138, -46), (657, 194), (357, 602), (289, 513), (541, 304), (371, 353), (179, 389)],
	[(64, -31), (63, 37), (374, 689), (107, 757), (881, 668), (877, 484), (868, 327), (790, 250), (694, 245), (562, 245), (547, 327), (680, 321), (800, 434), (808, 691), (443, 36), (964, -32)],
	[(910, -57), (789, 35), (617, 263), (521, 484), (454, 333), (260, 57), (82, -32), (204, 108), (306, 250), (461, 595), (314, 770), (430, 761), (538, 612), (681, 299), (852, 84), (941, -21)],
	[(174, 670), (174, 215), (342, 670), (542, 746), (918, 231), (794, 94), (680, 90), (666, 164), (715, 159), (856, 157), (849, 684), (611, -87), (105, 734), (409, 79), (341, 149), (175, 67)],
	[(172, 669), (173, 205), (332, 669), (452, 748), (973, 683), (786, 65), (657, -68), (514, -68), (509, -34), (558, 0), (717, -1), (713, 683), (104, 737), (400, 60), (333, 142), (171, 50)],
	[(179, 672), (180, 188), (343, 671), (523, 187), (548, 271), (616, 735), (719, 260), (830, 814), (898, 812), (829, -84), (734, 193), (602, 150), (111, 734), (411, 32), (343, 123), (179, 20)],
	[(324, 150), (698, 221), (88, 769), (889, 612), (748, 332), (774, 388), (660, 556), (433, 364), (202, 336), (63, 222), (400, 348), (965, 222), (787, 22), (408, -50), (340, 4), (304, 222)],
	[(551, 76), (344, 159), (93, 699), (376, 768), (668, 769), (931, 699), (885, 543), (956, 342), (478, 495), (64, 191), (400, 333), (963, 191), (770, 22), (406, -56), (326, -4), (292, 192)],
	[(562, 334), (561, 398), (836, 663), (561, 727), (907, 728), (835, -68), (193, -9), (190, -77), (119, 713), (459, 787), (489, 721), (189, 653), (461, 398), (461, 334), (189, 57), (835, 334)],
	[(413, -84), (415, 620), (221, 494), (85, 411), (55, 435), (217, 620), (336, 823), (411, 813), (342, 685), (953, 617), (486, 619), (900, 462), (487, 396), (487, 233), (933, 166), (487, -86)],
	[(137, 656), (132, 690), (323, 730), (716, 750), (887, 764), (731, 684), (550, 410), (958, 409), (550, 336), (918, 39), (916, -27), (108, 37), (477, 334), (64, 337), (476, 407), (313, 661)],
	[(146, 403), (146, 727), (219, 469), (474, 813), (547, 812), (807, 468), (874, 725), (876, 404), (545, 30), (835, 289), (900, 287), (833, -68), (118, -37), (119, 291), (189, 30), (474, 402)],
	[(54, 332), (53, 398), (488, 505), (148, 700), (146, 766), (880, 684), (561, 400), (971, 401), (561, 332), (565, -66), (437, -68), (294, -73), (279, 8), (336, 5), (491, 1), (486, 332)],
	[(607, -84), (681, 816), (779, 475), (970, 303), (873, 294), (681, 473), (70, 631), (316, 816), (489, 630), (315, 419), (429, 379), (452, 259), (315, 393), (246, 424), (64, 193), (243, 565)],
	[(861, 533), (164, 634), (93, 697), (459, 810), (561, 772), (934, 698), (183, 505), (571, 445), (966, 291), (569, 65), (384, -70), (294, 1), (348, -1), (504, -7), (64, 232), (498, 445)],
	[(914, -79), (678, 51), (413, 82), (84, -48), (307, 106), (578, 428), (627, 618), (269, 491), (136, 410), (274, 600), (424, 799), (398, 737), (711, 683), (668, 475), (718, 110), (941, -39)],
	[(150, -83), (121, -60), (169, 60), (226, 250), (223, 797), (297, 549), (644, 551), (718, 815), (966, 552), (296, 483), (296, 363), (292, 313), (757, -83), (687, 244), (279, 144), (214, -5)],
	[(91, 610), (92, 676), (475, 820), (549, 677), (931, 610), (548, 448), (874, 446), (547, 383), (964, 219), (548, 153), (472, -87), (475, 151), (61, 219), (473, 383), (150, 450), (474, 611)],
	[(62, 238), (62, 307), (489, 551), (210, 458), (125, 391), (204, 576), (247, 765), (298, 679), (489, 619), (560, 813), (886, 618), (887, 550), (559, 307), (966, 237), (560, -84), (488, 238)],
	[(463, -66), (443, 7), (662, 4), (768, 27), (803, 110), (814, 263), (175, 552), (788, 712), (140, 775), (863, 489), (215, 325), (890, 218), (872, 10), (779, -63), (617, -68), (491, -66)],
	[(70, 495), (472, 567), (480, 816), (554, 692), (956, 569), (551, 496), (680, 198), (969, 0), (917, -69), (645, 128), (514, 389), (390, 127), (114, -84), (63, -16), (357, 208), (468, 497)],
	[(86, 565), (651, 632), (724, 818), (960, 630), (726, 566), (729, -60), (521, -62), (423, -22), (480, 9), (660, 0), (649, 552), (424, 251), (107, 25), (59, 85), (373, 298), (586, 567)],
	[(562, 302), (855, 46), (225, 592), (88, 112), (224, 817), (428, 657), (362, 123), (309, 150), (338, 183), (371, 594), (495, -83), (653, 815), (969, 650), (720, 368), (856, -78), (561, -82)],
	[(439, 701), (588, 559), (243, 176), (334, 327), (184, 495), (849, 495), (654, 264), (824, 199), (588, 300), (434, 376), (61, 701), (962, 702), (920, 559), (850, -25), (114, -85), (372, 700)],
	[(467, 431), (683, 818), (970, 499), (682, -86), (71, 476), (268, 799), (457, 683), (166, 568), (278, 454), (448, 265), (438, 129), (356, 11), (227, -78), (209, 266), (208, 324), (117, 480)],
	[(171, -84), (70, 302), (179, 569), (237, 578), (320, 630), (647, 631), (692, 568), (873, 245), (822, 197), (648, 541), (646, 105), (583, 104), (584, 168), (409, 185), (255, 139), (540, 569)],
	[(133, 686), (135, 754), (894, 686), (564, 686), (968, 437), (563, 369), (563, 69), (433, -68), (362, -73), (280, -31), (331, 2), (403, 4), (486, 87), (488, 369), (57, 438), (488, 686)],
	[(303, -52), (146, -54), (147, 446), (785, 445), (131, 698), (857, 764), (857, 379), (218, 121), (217, 11), (756, 19), (876, 83), (890, 133), (932, 207), (972, 198), (943, 52), (777, -50)],
	[(130, 43), (130, 651), (470, 821), (548, 821), (896, 653), (902, 48), (775, 45), (656, 45), (650, 82), (689, 118), (829, 113), (823, 191), (546, 584), (545, -89), (472, 585), (203, 41)],
	[(912, -64), (730, 42), (550, 296), (517, 499), (390, 173), (109, -77), (82, -42), (259, 106), (347, 246), (461, 578), (475, 808), (547, 808), (544, 669), (584, 389), (772, 103), (933, -34)],
	[(557, 151), (489, 340), (848, 156), (908, 185), (63, 46), (215, 255), (285, 66), (351, 79), (677, 2), (708, 172), (750, 29), (64, 611), (548, 825), (960, 612), (887, 386), (475, 609)],
	[(639, 393), (587, 570), (141, 636), (202, 675), (130, 180), (252, 348), (751, 570), (499, 559), (484, 623), (668, 800), (876, 554), (744, -93), (367, 145), (604, 80), (894, 344), (792, -36)],
	[(81, 293), (188, 561), (255, 594), (185, 456), (636, 660), (657, 819), (969, 662), (552, 445), (886, 14), (737, -60), (603, 10), (818, 1), (550, 382), (461, 26), (400, 71), (489, 595)],
	[(78, 286), (176, 551), (243, 588), (176, 442), (722, 52), (545, 516), (450, 39), (286, -22), (474, 492), (338, 551), (485, 814), (550, 618), (836, 14), (899, 67), (974, 207), (855, -56)],
	[(436, 608), (437, 45), (585, 606), (224, 46), (375, 42), (796, 609), (649, 42), (798, 44), (60, 44), (154, 670), (404, 669), (443, 821), (499, 737), (478, 672), (866, 43), (968, -20)],
	[(222, 414), (222, 258), (803, 416), (221, 38), (803, 39), (220, 635), (802, 478), (804, 635), (149, 698), (426, 771), (438, 821), (502, 758), (875, 698), (875, -84), (803, -25), (219, -85)],
	[(182, 414), (182, 35), (845, 36), (845, 413), (646, 711), (380, 712), (379, 416), (111, -84), (310, 480), (308, 776), (717, 776), (718, 480), (915, -86), (844, -84), (845, -28), (183, -88)],
	[(185, 702), (184, 53), (839, 54), (841, 701), (666, 322), (360, 320), (356, 701), (117, -85), (427, 769), (425, 384), (598, 385), (598, 768), (911, -87), (841, -86), (839, -13), (186, -87)],
	[(64, 658), (388, 724), (264, 149), (429, 188), (257, 76), (52, 106), (195, 657), (435, 761), (624, 693), (916, 449), (904, -62), (640, -61), (538, 17), (712, 13), (836, 259), (549, 695)],
	[(831, 407), (757, 427), (237, 493), (127, 412), (310, 818), (361, 740), (914, 613), (87, -53), (363, 163), (471, 404), (554, 553), (549, 405), (783, 48), (940, -39), (517, 314), (301, -16)],
	[(75, 301), (48, 383), (175, 588), (338, 796), (253, 590), (185, 465), (389, 661), (683, 739), (938, 702), (703, 395), (975, 329), (959, 34), (360, -34), (631, 329), (346, 394), (516, 669)],
	[(85, 295), (47, 371), (167, 577), (333, 801), (250, 594), (181, 457), (362, 399), (442, 614), (582, 808), (974, 675), (640, 610), (921, 377), (636, 206), (639, 144), (566, -84), (437, 495)],
	[(249, 528), (247, 590), (774, 528), (385, 181), (638, 350), (318, 412), (707, 119), (113, 770), (909, 771), (915, -69), (709, -70), (647, -38), (694, -3), (845, -5), (842, 708), (184, -75)],
	[(273, 703), (274, 559), (729, 701), (274, 354), (728, 496), (274, 136), (729, 292), (69, 768), (963, 767), (800, 702), (970, 173), (969, 108), (800, -82), (730, 96), (54, 126), (202, 701)],
	[(138, 671), (124, 739), (895, 710), (551, 689), (964, 452), (557, 385), (786, 50), (936, -49), (646, 81), (513, 323), (295, -4), (84, -45), (345, 154), (462, 384), (469, 450), (311, 677)],
	[(123, 685), (110, 750), (889, 713), (555, 698), (890, 459), (555, 282), (555, 216), (560, -69), (349, -67), (276, -69), (333, -2), (486, -6), (57, 216), (482, 283), (127, 523), (290, 688)],
	[(858, -79), (801, -14), (217, -35), (134, 32), (324, 193), (59, 321), (477, 591), (132, 654), (550, 821), (894, 654), (548, 384), (969, 321), (405, 184), (488, 39), (607, 198), (921, -36)],
	[(72, 677), (960, 748), (418, 573), (850, 481), (833, 190), (819, -63), (481, -57), (467, 17), (750, 2), (757, 184), (769, 412), (386, 250), (116, -86), (60, -31), (318, 290), (346, 678)],
	[(86, 629), (472, 697), (546, 695), (941, 631), (798, 320), (870, 547), (544, 93), (635, 14), (883, 83), (895, 206), (961, 104), (928, -54), (468, -52), (472, 254), (224, 549), (471, 630)],
	[(791, 292), (230, 182), (841, 610), (807, 580), (964, 493), (749, 435), (247, 516), (144, 459), (270, 575), (85, 778), (259, 10), (166, 99), (859, 345), (810, 25), (963, -48), (262, -45)],
	[(337, 591), (140, 330), (429, 487), (543, 635), (928, 583), (736, 351), (953, 51), (663, -83), (565, 177), (662, 581), (358, 32), (211, 66), (209, 650), (387, 271), (332, 132), (432, -37)],
	[(281, 518), (892, 519), (342, 3), (216, 197), (105, -84), (129, 143), (145, 765), (219, 702), (583, 334), (785, 238), (707, 130), (943, -31), (654, 87), (409, 16), (599, 43), (378, -68)],
	[(247, 468), (527, 470), (179, 85), (70, 435), (282, 822), (853, 716), (839, 117), (570, 123), (675, 191), (785, 454), (192, 529), (246, 252), (341, 9), (891, 123), (969, 181), (789, -54)],
	[(471, 610), (401, 785), (771, 646), (947, 749), (855, 373), (857, 189), (161, 444), (48, 384), (210, 707), (227, 585), (611, 559), (682, 561), (810, -67), (688, -40), (861, -8), (434, -82)],
	[(848, 608), (902, 780), (505, 685), (551, 720), (873, 374), (872, 191), (84, 655), (205, 797), (333, 100), (331, -18), (670, 560), (735, 561), (830, -77), (724, -47), (872, -19), (535, -84)],
	[(689, 473), (764, 625), (267, 534), (314, 574), (798, 295), (798, 145), (85, 729), (531, 826), (937, 727), (150, 665), (478, 449), (546, 448), (758, -71), (603, -46), (802, -14), (227, -82)],
	[(454, -69), (350, 670), (263, 486), (199, 39), (84, -45), (135, 75), (192, 483), (390, 737), (709, 758), (843, 704), (775, 415), (863, 114), (914, -55), (750, 241), (702, 693), (525, -68)],
	[(65, 619), (498, 684), (439, 803), (580, 699), (962, 684), (547, 619), (888, 146), (769, 29), (653, 27), (701, 91), (823, 87), (818, 412), (476, -87), (214, 412), (140, 10), (478, 617)],
	[(88, 624), (358, 684), (430, 816), (590, 818), (658, 683), (936, 621), (918, 462), (659, 405), (936, 244), (657, 19), (972, -43), (55, 19), (85, 186), (356, 245), (104, 405), (360, 623)],
	[(512, 673), (943, 674), (972, 34), (499, 33), (112, 516), (133, 677), (217, 754), (457, 645), (487, 454), (312, 71), (471, 309), (416, 18), (148, 306), (251, 396), (251, 454), (142, 576)],
	[(122, 452), (210, 644), (340, 747), (937, 636), (337, -54), (172, 118), (422, 293), (216, 425), (780, 417), (391, 198), (251, 64), (681, 14), (841, 60), (862, 229), (928, 131), (693, -55)],
	[(106, 539), (918, 753), (846, 683), (179, 538), (62, -26), (293, 185), (288, 495), (700, 4), (812, 8), (896, 110), (972, 169), (953, 29), (742, -61), (633, 60), (359, 314), (258, -11)],
	[(807, 615), (727, 682), (692, 791), (850, 664), (478, 596), (547, 597), (953, 530), (746, 292), (972, 109), (779, 145), (545, 491), (478, -84), (330, 232), (101, 27), (194, 181), (433, 532)],
	[(303, 596), (138, 744), (355, 647), (749, 710), (886, 741), (227, 374), (227, 314), (799, 187), (157, 561), (548, 821), (872, 557), (741, -67), (599, -35), (653, -4), (798, 67), (226, -81)],
	[(301, 590), (134, 741), (355, 640), (760, 712), (887, 740), (378, 163), (310, 100), (708, 376), (114, 553), (546, 819), (909, 553), (797, -67), (661, -38), (723, -1), (839, 57), (184, -78)],
	[(150, 695), (875, 758), (64, 487), (667, 421), (660, 7), (879, 10), (900, 210), (966, 122), (938, -58), (591, -57), (400, 424), (390, 193), (273, 4), (66, -22), (319, 213), (326, 422)],
	[(234, 711), (784, 412), (158, 779), (648, 346), (647, 4), (876, 5), (898, 197), (962, 103), (933, -64), (575, -64), (410, 346), (397, 148), (272, -22), (56, -28), (332, 178), (338, 345)],
	[(274, 418), (535, 216), (115, 449), (67, 504), (285, 825), (311, 716), (932, 654), (609, 479), (914, 418), (609, 215), (607, 152), (537, -87), (57, 153), (204, 216), (537, 483), (208, 548)],
	[(246, 238), (782, 34), (137, 683), (124, 745), (522, 761), (890, 716), (550, 700), (965, 529), (550, 465), (851, 300), (783, -33), (245, -88), (175, 301), (478, 464), (65, 529), (307, 689)],
	[(197, 586), (199, 349), (480, 583), (549, 584), (831, 349), (548, 51), (831, 51), (197, 287), (481, 49), (130, -74), (479, 651), (480, 820), (547, 652), (900, -74), (829, -16), (197, -74)],
	[(817, 702), (548, 704), (815, 528), (548, 289), (817, 464), (206, 525), (477, 526), (205, 464), (475, 289), (477, -85), (208, 225), (205, 168), (135, 770), (886, 169), (818, 222), (548, -87)],
	[(280, 140), (229, 197), (478, 438), (480, 588), (129, -77), (481, 724), (554, 724), (892, 63), (771, -65), (621, -30), (745, 5), (822, 588), (550, 571), (535, 424), (731, 157), (455, 247)],
	[(66, 598), (509, 662), (529, 819), (537, 666), (393, 599), (838, 436), (822, 168), (627, -57), (474, -59), (528, 14), (749, 130), (380, 366), (246, 10), (54, -34), (297, 252), (317, 598)],
	[(136, 686), (888, 752), (536, 565), (961, 398), (595, 5), (878, 7), (894, 201), (962, 96), (942, -52), (528, -60), (503, 398), (290, 19), (57, -31), (394, 263), (67, 465), (468, 686)],
	[(80, 344), (483, 407), (216, 521), (108, 486), (320, 752), (481, 649), (550, 651), (550, 586), (945, 407), (651, 239), (974, 46), (801, 40), (551, 285), (485, 287), (81, 4), (462, 344)],
	[(88, 629), (375, 693), (499, 814), (964, 692), (369, 523), (522, 570), (884, 432), (779, 10), (667, 6), (691, 76), (816, 142), (593, -85), (306, 368), (235, 349), (77, 227), (339, 629)],
	[(516, 747), (737, 573), (258, 19), (930, 483), (742, 515), (940, 347), (833, 238), (762, -39), (192, -83), (477, 349), (479, 517), (201, 517), (52, 526), (423, 738), (564, 801), (947, 515)],
	[(558, 320), (215, 490), (215, 551), (833, -78), (607, 99), (330, 53), (452, 21), (188, -74), (144, -8), (891, 782), (627, 321), (642, 256), (794, -8), (876, 53), (931, 166), (902, -83)],
	[(111, 636), (391, 700), (513, 816), (912, 698), (440, 635), (972, 506), (331, 375), (866, 321), (691, 8), (610, -35), (338, 89), (384, 140), (222, 257), (248, 370), (59, 507), (366, 635)],
	[(109, -80), (54, -21), (327, 294), (338, 558), (83, 629), (346, 818), (420, 629), (724, 84), (821, 16), (897, 124), (940, 207), (956, 40), (763, -56), (649, 72), (410, 461), (268, 33)],
	[(76, 309), (52, 394), (337, 801), (244, -86), (130, 381), (592, 615), (661, 615), (672, 551), (791, 307), (947, 88), (759, 245), (662, -85), (549, 327), (329, 48), (394, 207), (585, 549)],
	[(75, 314), (49, 391), (331, 795), (238, -85), (127, 382), (524, 657), (637, 808), (962, 656), (577, 592), (922, 386), (707, 31), (331, -28), (635, 326), (308, 112), (345, 272), (504, 593)],
	[(83, 284), (50, 365), (379, 789), (266, -83), (142, 361), (312, 253), (536, 804), (757, 540), (936, 649), (607, 93), (788, 15), (891, 131), (973, 214), (935, -53), (531, -61), (451, 236)],
	[(84, 532), (248, 589), (416, 590), (118, -57), (109, 267), (453, 446), (313, 60), (327, 5), (444, -61), (560, 236), (837, 2), (917, 56), (978, 194), (881, -58), (775, 706), (559, 9)],
	[(87, 166), (315, 541), (291, -85), (62, 649), (382, 821), (721, 711), (720, 563), (383, 573), (364, 128), (549, 525), (925, 444), (615, 3), (889, 70), (973, 189), (807, -59), (468, 141)],
	[(122, -83), (63, -25), (339, 285), (362, 552), (107, 739), (884, 422), (873, 135), (788, -48), (610, -54), (514, 28), (739, 23), (794, 83), (809, 402), (816, 670), (431, 456), (275, 29)],
	[(86, 602), (476, 663), (546, 663), (940, 600), (890, 433), (649, 266), (837, 120), (925, -8), (707, 135), (547, -85), (400, 206), (222, 45), (54, 39), (276, 186), (135, 371), (477, 601)],
	[(927, 17), (700, 179), (546, -81), (477, 391), (243, 85), (55, 63), (279, 227), (83, 431), (476, 494), (137, 673), (520, 747), (896, 712), (546, 496), (938, 430), (746, 227), (948, 48)],
	[(124, 591), (478, 657), (551, 736), (901, 656), (546, 481), (958, 342), (603, 201), (964, -2), (923, -70), (556, 151), (384, 78), (108, -80), (262, 58), (436, 227), (68, 410), (476, 592)],
	[(91, 594), (478, 661), (547, 659), (934, 594), (747, 353), (945, 126), (777, 206), (547, 564), (756, 163), (545, -85), (262, 98), (478, 162), (328, 300), (98, 81), (192, 241), (431, 594)],
	[(119, 600), (477, 665), (548, 665), (909, 600), (960, 432), (671, 258), (845, 118), (922, -6), (701, 149), (548, -87), (402, 218), (233, 55), (56, 37), (272, 186), (64, 367), (476, 600)],
	[(946, -48), (533, -45), (295, 17), (217, 98), (81, -45), (144, 128), (218, 166), (585, 374), (118, 581), (477, 723), (549, 746), (521, 646), (643, 326), (347, 69), (538, 29), (959, -14)],
	[(110, 520), (292, 819), (68, 255), (300, 479), (187, 333), (621, 819), (930, 624), (963, 405), (337, -79), (382, 118), (468, 181), (695, 364), (695, 190), (971, 18), (810, -47), (416, 6)],
	[(108, 519), (293, 821), (68, 253), (299, 478), (187, 333), (425, 705), (642, 818), (926, 611), (336, -81), (382, 119), (468, 182), (698, 362), (698, 190), (970, 19), (808, -46), (415, 8)],
	[(923, 65), (695, 254), (549, 497), (480, -71), (411, 352), (241, 149), (73, 83), (185, 202), (366, 395), (91, 544), (479, 611), (548, 812), (934, 612), (590, 542), (741, 304), (949, 99)],
	[(118, 380), (57, 425), (253, 774), (299, 685), (495, 623), (568, 822), (921, 624), (566, 560), (896, 340), (568, 273), (972, 33), (61, -35), (494, 29), (161, 271), (496, 340), (184, 463)],
	[(84, 611), (368, 675), (407, 821), (462, 741), (966, 675), (422, 613), (341, 403), (905, 339), (621, 31), (968, -31), (183, 33), (546, 339), (231, 181), (75, 52), (158, 207), (349, 613)],
	[(289, -36), (102, 98), (192, 268), (424, 465), (698, 683), (135, 753), (807, 674), (252, 222), (179, 103), (309, 34), (837, 30), (852, 179), (905, 270), (929, 148), (897, 22), (689, -37)],
	[(112, -72), (56, -14), (220, 182), (258, 468), (716, 770), (718, 20), (822, 27), (894, 88), (906, 230), (980, 208), (961, 57), (829, -46), (644, -48), (646, 703), (334, 455), (243, 32)],
	[(914, 19), (842, 333), (369, 33), (544, 308), (919, 750), (966, 492), (712, -70), (488, -43), (643, -11), (66, 630), (258, 629), (258, 414), (354, 280), (191, -85), (61, 210), (192, 569)],
	[(898, -38), (713, 181), (97, -15), (353, 140), (708, 475), (928, 291), (569, -69), (311, -39), (494, -9), (85, 711), (564, 812), (946, 651), (950, 424), (606, 559), (91, 380), (393, 652)],
	[(235, 644), (479, 482), (546, 643), (547, 423), (790, 424), (477, 266), (58, 266), (477, 703), (546, 702), (972, 263), (859, 51), (676, -73), (599, -2), (796, -10), (233, 203), (165, 204)],
	[(170, 635), (441, 472), (515, 635), (172, 408), (444, 411), (789, 411), (436, -61), (169, 181), (100, 698), (514, 819), (856, 180), (506, 5), (867, 8), (895, 182), (955, 78), (796, -54)],
	[(116, -78), (62, -19), (383, 324), (394, 542), (400, 612), (483, 816), (474, 614), (894, 383), (881, 40), (696, -54), (518, -13), (599, 19), (810, 173), (822, 456), (470, 537), (303, 39)],
	[(173, 458), (108, 498), (342, 798), (895, 692), (561, 498), (948, 325), (598, 205), (969, -4), (763, -20), (519, 268), (293, -16), (84, -53), (356, 135), (78, 325), (486, 482), (227, 538)],
	[(124, 425), (431, 508), (128, 661), (477, 741), (674, 696), (901, 544), (504, 453), (973, 259), (499, -1), (852, 1), (883, 182), (954, 156), (906, -64), (429, -60), (62, 186), (431, 447)],
	[(807, -61), (648, 21), (521, 258), (515, 561), (59, 683), (587, 644), (707, 590), (787, 567), (923, 326), (744, 339), (594, 280), (647, 125), (805, 15), (892, 129), (968, 167), (909, -63)],
	[(68, 583), (251, 814), (250, 397), (355, 360), (152, -70), (64, -2), (186, 310), (112, 361), (889, 375), (576, -74), (496, -4), (634, 372), (472, 610), (833, 698), (712, 499), (959, 370)],
	[(71, 574), (266, 819), (266, 373), (360, 327), (171, -70), (65, 2), (195, 287), (122, 338), (395, 711), (775, 694), (638, 350), (793, 9), (931, 198), (933, -58), (567, 342), (490, 657)],
	[(551, 192), (349, 336), (596, 245), (939, 745), (297, 527), (744, 2), (892, 1), (911, 217), (965, 108), (835, -59), (679, 61), (229, 46), (613, 77), (235, -22), (123, 23), (246, 684)],
	[(917, 130), (718, 418), (973, 171), (961, 756), (681, 582), (690, -83), (529, 262), (310, 142), (233, 145), (121, 174), (67, 525), (186, 812), (376, 587), (252, 228), (376, 241), (641, 691)],
	[(135, 660), (129, 694), (122, 729), (523, 741), (897, 704), (722, 688), (550, 682), (550, 413), (953, 341), (549, 341), (550, -83), (472, -81), (72, 341), (73, 412), (473, 412), (316, 668)],
	[(98, 679), (99, 744), (935, 743), (935, 678), (598, 411), (902, 410), (901, 346), (597, 345), (971, 39), (971, -27), (54, -26), (54, 39), (203, 533), (275, 533), (275, 39), (524, 678)],
	[(120, 672), (119, 736), (905, 736), (905, 672), (548, 404), (871, 404), (871, 338), (549, 339), (954, 50), (955, -17), (70, -14), (69, 50), (474, 340), (152, 337), (153, 405), (475, 670)],
	[(168, 446), (212, 619), (286, 643), (572, 643), (573, 395), (664, 71), (821, 6), (912, 183), (958, 37), (589, -63), (399, 301), (323, 62), (52, -20), (329, 283), (72, 393), (215, 507)],
	[(110, 637), (313, 746), (427, 721), (719, 824), (935, 696), (511, 541), (491, 484), (971, 333), (874, 221), (958, 5), (544, 6), (309, 195), (52, 80), (68, 386), (136, 487), (466, 638)],
	[(76, 693), (953, 692), (901, 554), (664, 79), (884, 20), (943, 217), (951, 62), (592, -46), (318, 615), (481, 288), (96, -58), (330, 199), (230, 432), (298, 224), (90, 244), (269, 692)],
	[(64, 568), (261, 820), (259, 370), (320, 319), (125, -73), (143, -2), (110, 265), (191, 569), (627, 819), (931, 592), (963, 345), (848, 60), (741, 84), (494, -2), (606, 344), (626, 592)],
	[(64, 572), (248, 813), (251, 384), (312, 334), (121, -77), (135, -6), (125, 281), (183, 573), (400, 153), (906, 785), (493, 684), (790, 441), (857, 123), (634, 228), (722, 442), (440, 27)],
	[(60, 672), (370, 821), (727, 820), (728, 672), (368, 670), (605, -1), (752, 61), (837, 183), (448, 181), (448, 331), (446, 480), (445, 596), (923, 481), (853, 331), (905, 153), (693, -2)],
	[(61, 671), (373, 819), (724, 820), (726, 670), (374, 669), (115, 486), (720, 482), (723, 256), (563, -73), (445, -44), (657, -16), (524, 145), (78, -18), (455, 174), (219, 446), (649, 483)],
	[(241, 307), (240, 49), (783, 306), (53, 579), (475, 644), (476, 820), (548, 644), (969, 644), (548, 577), (547, 375), (852, -88), (781, -88), (242, -16), (241, -88), (171, 373), (474, 578)],
	[(282, 387), (279, 47), (627, 386), (60, -20), (210, 48), (211, 734), (524, 748), (693, 761), (870, 710), (701, 695), (385, 672), (281, 668), (918, 451), (916, 385), (698, 49), (961, -20)],
	[(181, 709), (181, 475), (468, 390), (498, 755), (673, 815), (954, 546), (929, 266), (973, -41), (476, 267), (518, 546), (47, -39), (119, 288), (287, -74), (192, -12), (307, 34), (140, -16)],
	[(187, 709), (187, 478), (443, -79), (488, 144), (811, 50), (897, 7), (946, 205), (952, -54), (744, 700), (550, 122), (52, -40), (121, 317), (295, -67), (204, -9), (322, 45), (148, -12)],
	[(147, 688), (883, 758), (64, 471), (970, 404), (376, 225), (339, 77), (743, 89), (601, 269), (800, 140), (922, -12), (795, 27), (516, 16), (200, -2), (118, 69), (261, 200), (403, 404)],
	[(369, 556), (673, 323), (85, 623), (296, 821), (672, 624), (744, 820), (938, 557), (745, 325), (744, 256), (673, -78), (361, 140), (264, -15), (89, -33), (245, 93), (57, 257), (294, 556)],
	[(263, 687), (788, 471), (917, -67), (608, 119), (451, 407), (260, 244), (191, 20), (81, -56), (133, 66), (192, 271), (190, 755), (859, 356), (791, 407), (578, 244), (774, 61), (935, -32)],
	[(319, 345), (797, 58), (249, -84), (183, 235), (79, 188), (264, 402), (95, 611), (407, 676), (468, 821), (515, 736), (966, 673), (450, 611), (329, 410), (867, -84), (795, -8), (317, -84)],
	[(378, 689), (677, 410), (109, 686), (934, 755), (748, 687), (975, 409), (751, 343), (679, -79), (377, 342), (319, 89), (131, -91), (81, -27), (252, 121), (302, 341), (63, 408), (305, 691)],
	[(110, 488), (127, 671), (212, 751), (334, 632), (492, 411), (317, 295), (502, 63), (294, 200), (72, -52), (243, 236), (58, 414), (264, 631), (615, 116), (545, -42), (934, -43), (616, -42)],
	[(218, 538), (467, 682), (789, 596), (681, 349), (743, 294), (525, 153), (739, 199), (784, 260), (796, 171), (462, 100), (269, 293), (327, 347), (168, 33), (99, -86), (919, -84), (165, -85)],
	[(291, 624), (208, 803), (607, 267), (664, 309), (69, -28), (412, 334), (439, 581), (528, 823), (910, 474), (895, 125), (540, -64), (552, 14), (763, 8), (821, 136), (838, 514), (316, 40)],
	[(210, 486), (474, 377), (546, 487), (541, 314), (478, 710), (545, 711), (543, 545), (810, 212), (467, 78), (942, -27), (496, -9), (98, -87), (343, 67), (251, 231), (467, 255), (477, 649)],
	[(293, 508), (180, 747), (662, 548), (897, 707), (478, 433), (546, 432), (662, 68), (823, 3), (908, 190), (966, 87), (715, -64), (591, 369), (387, 159), (97, -86), (251, 109), (330, 368)],
	[(923, -75), (728, 86), (348, -57), (576, 118), (703, 453), (686, 197), (93, 34), (124, 793), (372, 490), (261, 123), (267, 53), (368, 711), (697, 711), (917, 127), (487, 121), (627, 711)],
	[(923, -73), (729, 85), (352, -56), (580, 121), (709, 454), (690, 194), (66, 730), (251, 665), (380, 182), (229, 106), (110, 146), (403, 710), (699, 712), (919, 130), (495, 123), (628, 711)],
	[(88, 392), (935, 393), (155, 480), (400, 670), (332, 668), (331, 813), (625, 730), (692, 729), (693, 588), (476, 325), (921, 325), (727, 107), (927, -24), (479, -80), (95, -42), (439, 261)],
	[(177, 81), (844, 86), (242, 282), (57, -21), (471, 100), (555, 249), (541, 133), (931, -20), (424, -38), (477, 742), (915, 743), (544, 609), (547, 555), (68, 419), (478, 556), (478, 688)],
	[(810, -86), (808, 815), (883, -87), (204, -34), (280, 1), (481, -6), (494, 175), (106, 272), (150, 550), (493, 712), (103, 778), (566, 488), (186, 331), (567, 199), (554, -69), (289, -69)],
	[(62, 132), (61, 201), (744, 135), (560, -39), (638, 0), (838, -1), (852, 198), (189, 332), (227, 647), (273, 401), (715, 708), (138, 776), (758, 400), (926, 212), (912, -71), (657, -73)],
	[(145, 689), (143, 757), (883, 691), (58, 540), (969, 474), (289, 315), (847, 185), (831, 7), (742, -62), (539, -67), (436, -27), (524, 8), (761, -1), (773, 176), (211, 252), (260, 475)],
	[(509, 522), (509, 253), (760, 523), (63, 585), (182, 771), (251, 585), (438, 810), (509, 585), (761, 810), (828, 585), (964, 522), (828, 190), (437, 520), (251, 20), (941, -47), (182, 520)],
	[(73, 508), (258, 813), (258, 508), (385, 205), (152, 80), (187, 508), (640, 731), (737, 672), (577, 599), (891, 107), (675, -61), (677, 9), (834, 237), (517, 126), (307, -38), (504, 599)],
	[(97, -85), (291, 449), (287, 78), (189, 143), (317, 225), (161, -86), (641, 730), (739, 670), (582, 601), (897, 105), (678, -64), (681, 7), (836, 233), (524, 121), (315, -37), (512, 599)],
	[(496, 674), (591, 746), (942, 710), (750, 414), (748, -83), (452, 411), (592, 679), (442, 689), (226, 550), (334, 178), (69, -34), (218, 279), (306, 291), (209, 490), (51, 299), (190, 691)],
	[(371, -82), (386, 55), (438, 666), (638, 791), (728, 664), (510, 412), (450, 22), (189, 818), (375, 646), (311, 397), (254, 316), (158, -69), (69, -1), (192, -5), (57, 255), (187, 588)],
	[(649, 579), (377, 568), (75, 651), (310, 822), (648, 711), (716, 713), (718, 652), (599, 259), (228, 64), (92, -60), (169, 111), (194, 514), (718, 533), (566, 458), (951, 321), (671, -87)],
	[(651, 560), (371, 557), (63, 653), (304, 821), (651, 715), (722, 714), (720, 654), (165, 522), (477, 368), (546, 368), (857, 524), (545, 30), (901, 229), (832, -31), (191, 228), (477, 305)],
	[(309, 549), (309, 673), (309, 429), (91, 728), (310, 729), (786, 730), (963, 356), (969, 134), (746, 177), (267, 170), (546, 168), (546, 13), (480, 15), (194, 116), (231, 197), (244, 674)],
	[(314, 84), (315, 199), (316, 311), (93, 723), (345, 825), (601, 721), (687, 722), (496, 634), (467, 550), (401, 429), (859, -85), (315, -86), (76, 138), (71, 429), (392, 550), (436, 670)],
	[(59, 457), (58, 528), (472, 530), (474, 818), (547, 816), (550, 531), (966, 529), (965, 458), (550, 458), (549, 49), (900, 52), (900, -17), (125, -19), (123, 52), (473, 52), (474, 457)],
	[(63, -13), (60, 55), (221, 55), (221, 645), (293, 642), (292, 56), (537, 58), (537, 819), (607, 816), (609, 537), (919, 538), (920, 474), (608, 473), (607, 57), (969, 55), (969, -13)],
	[(125, 445), (125, 516), (474, 516), (473, 813), (548, 813), (549, 514), (898, 516), (901, 446), (552, 445), (551, 45), (965, 46), (966, -25), (59, -23), (58, 46), (474, 46), (473, 444)],
	[(126, 685), (129, 753), (897, 753), (897, 685), (550, 684), (549, 411), (971, 414), (970, 341), (549, 340), (550, -85), (473, -86), (474, 339), (54, 341), (53, 413), (474, 412), (474, 684)],
	[(764, 697), (435, 697), (401, 411), (397, 348), (366, 36), (741, 346), (124, 348), (123, 412), (357, 697), (117, 699), (845, 766), (801, 38), (966, 36), (57, -26), (60, 38), (322, 345)],
	[(205, 621), (204, 375), (813, 373), (203, 312), (203, 58), (816, 311), (131, -79), (131, 686), (403, 759), (423, 825), (484, 755), (458, 688), (889, 687), (818, -78), (816, -13), (204, -76)],
	[(289, 592), (139, 749), (274, 721), (199, -39), (183, 56), (54, 433), (247, 501), (328, 164), (403, 182), (342, 88), (357, -32), (591, 37), (669, 810), (925, 540), (667, 474), (971, -32)],
	[(281, 609), (129, 765), (263, 731), (200, -69), (183, 16), (54, 438), (251, 505), (340, 121), (426, 136), (339, 41), (356, 437), (626, 501), (699, 816), (973, 503), (697, 436), (628, 435)],
	[(117, 693), (912, 759), (548, 695), (541, 459), (558, 394), (694, 146), (969, -3), (924, -72), (552, 184), (482, 202), (294, 2), (85, -48), (346, 166), (458, 393), (62, 461), (476, 693)],
	[(357, -31), (186, 479), (116, -85), (413, 541), (65, 769), (960, 703), (486, 541), (907, 37), (786, -75), (722, -79), (694, -42), (712, -9), (839, 48), (663, 477), (595, -32), (424, -29)],
	[(860, 180), (785, 205), (555, 369), (566, -73), (261, -74), (244, 3), (390, -3), (482, 96), (78, 435), (394, 529), (314, 660), (499, 533), (158, 762), (854, 684), (589, 475), (927, 368)],
	[(95, 618), (347, 680), (422, 824), (465, 744), (940, 618), (320, 498), (505, 395), (579, 568), (876, 334), (579, 167), (968, 105), (579, -89), (62, 104), (507, 169), (165, 330), (311, 619)],
	[(98, 648), (87, 717), (574, 763), (485, 683), (679, 421), (751, 815), (969, 420), (750, 354), (680, 356), (370, 195), (263, 1), (99, -60), (242, 127), (296, 355), (58, 423), (200, 655)],
	[(105, 681), (91, 748), (524, 754), (919, 775), (546, 691), (886, 520), (889, 29), (701, 25), (635, 96), (738, 94), (814, 161), (544, 455), (474, 452), (210, 19), (139, 518), (275, 681)],
	[(646, 674), (377, 828), (94, -11), (248, 182), (84, 448), (273, 163), (779, 101), (560, 441), (438, -77), (312, -46), (498, -16), (172, 572), (560, 592), (758, 483), (804, 433), (938, 35)],
	[(845, 597), (734, 778), (183, -86), (71, 300), (183, 561), (252, 593), (323, 498), (524, 819), (607, 530), (612, 461), (817, -8), (899, 122), (973, 157), (917, -80), (634, 70), (543, 455)],
	[(858, 547), (172, 548), (489, 713), (540, 824), (927, 710), (78, 494), (569, 432), (894, 211), (760, 12), (951, -26), (727, -56), (344, -50), (100, -86), (208, 112), (287, 260), (497, 433)],
	[(90, 541), (469, 764), (546, 770), (932, 543), (163, 648), (74, 252), (272, 427), (486, 499), (480, 443), (943, 258), (478, 5), (849, 7), (878, 183), (936, 97), (790, -58), (403, 210)],
	[(84, 291), (122, 462), (270, 816), (253, 585), (185, 448), (359, -41), (426, 234), (716, 580), (892, 744), (672, 423), (435, 122), (551, 22), (887, 117), (899, 238), (973, 245), (776, -46)],
	[(184, 705), (389, 707), (838, 707), (450, 465), (903, 766), (472, 312), (550, 366), (704, 367), (763, 392), (959, 313), (620, 139), (943, -42), (561, 101), (385, 33), (57, -14), (460, 249)],
	[(545, 542), (717, 544), (477, 542), (716, 335), (479, 189), (122, 770), (728, 721), (938, 599), (969, 394), (939, 189), (545, 11), (126, 12), (86, 189), (58, 336), (87, 543), (293, 709)],
	[(206, 478), (475, 481), (474, 305), (819, 362), (818, 186), (475, 700), (754, 700), (721, 818), (939, 701), (887, 537), (784, -73), (635, -11), (818, 47), (543, -70), (204, -81), (475, 639)],
	[(370, 241), (839, 40), (222, 655), (846, 656), (300, 302), (909, -85), (371, -21), (105, -84), (49, -33), (152, 258), (152, 717), (497, 773), (575, 780), (918, 716), (223, 441), (173, 31)],
	[(153, 669), (294, 175), (525, 300), (858, 299), (89, 729), (355, 23), (152, 110), (420, 575), (657, 635), (726, 639), (971, 577), (725, 359), (857, -82), (525, -14), (455, -81), (657, 575)],
	[(126, -81), (127, 782), (198, 782), (197, -84), (444, 425), (846, 425), (845, 702), (444, 362), (846, 71), (846, 361), (374, -75), (376, 768), (918, -76), (846, -73), (843, 5), (445, -75)],
	[(235, 473), (236, 298), (788, 297), (788, 471), (236, 531), (788, 529), (788, 708), (237, 237), (788, 56), (787, 235), (168, -82), (166, 773), (855, -79), (788, -79), (788, -10), (235, -81)],
	[(266, 708), (263, 516), (760, 517), (758, 706), (201, 45), (822, 47), (822, 276), (192, 453), (833, 768), (832, 455), (130, -85), (132, 332), (894, -80), (822, -82), (823, -16), (202, -84)],
	[(260, 457), (261, 274), (765, 276), (766, 456), (259, 520), (766, 520), (765, 703), (259, 214), (765, 27), (766, 213), (54, -37), (54, 27), (188, 768), (836, 767), (837, 28), (970, -36)],
	[(386, 494), (385, 264), (636, 263), (639, 492), (321, 551), (703, 552), (705, 204), (177, 705), (852, 42), (850, 705), (108, -80), (108, 767), (916, -82), (851, -80), (850, -19), (177, -79)],
	[(437, 665), (435, 52), (586, 51), (587, 664), (219, 49), (373, 53), (373, 666), (805, 663), (650, 49), (804, 49), (58, -15), (56, 51), (151, 728), (873, 728), (873, 52), (969, -16)],
	[(126, -74), (126, -74), (93, -47), (63, -20), (141, 76), (168, 174), (191, 271), (191, 449), (190, 755), (965, 758), (966, 686), (267, 685), (267, 452), (271, 259), (242, 149), (212, 38)],
	[(851, 248), (851, 248), (772, 295), (668, 359), (565, 418), (466, 475), (465, -82), (387, -84), (387, 814), (465, 812), (466, 482), (505, 533), (584, 489), (697, 423), (813, 359), (898, 307)],
	[(63, 584), (338, 641), (331, 385), (140, -75), (122, -8), (50, 347), (554, 691), (561, 692), (790, 691), (921, 536), (970, 329), (718, 170), (650, 12), (300, 39), (537, 384), (600, 635)],
	[(58, 580), (349, 641), (340, 365), (150, -74), (135, -5), (51, 333), (552, 257), (299, -31), (454, 397), (401, 571), (591, 727), (848, 47), (924, 194), (876, -64), (761, 572), (722, 231)],
	[(278, 501), (746, 379), (85, 546), (491, 716), (453, 811), (569, 716), (937, 547), (870, 656), (154, 547), (223, 23), (209, 324), (815, 558), (154, -84), (869, 225), (801, -84), (224, -83)],
	[(455, 705), (820, 511), (158, -86), (121, 364), (61, 345), (158, 582), (241, 815), (273, 684), (228, -84), (423, 47), (386, 452), (889, 766), (352, -87), (926, 333), (855, -86), (424, -86)],
	[(252, 578), (485, 579), (495, 728), (546, 578), (552, 634), (846, 343), (253, 288), (90, -51), (456, 95), (552, 243), (537, 131), (885, -74), (71, 577), (203, 781), (958, 578), (187, 578)],
	[(426, 713), (598, 714), (359, 562), (834, 444), (598, 444), (847, 312), (251, 255), (814, -38), (472, 7), (74, -53), (405, 60), (549, 160), (62, 714), (963, 712), (897, 390), (360, 715)],
	[(228, 611), (221, 729), (174, 118), (242, 118), (720, 8), (821, -58), (207, 60), (465, 727), (581, 682), (858, 790), (671, 603), (826, 528), (635, 196), (392, 87), (444, 530), (600, 605)],
	[(848, 619), (826, 716), (216, 79), (240, 278), (198, 455), (72, 710), (383, 182), (577, 688), (648, 567), (689, 232), (711, 157), (867, -6), (939, 161), (834, -76), (431, -12), (583, 494)],
	[(231, 597), (234, 721), (167, 112), (235, 113), (683, 10), (809, -58), (198, 54), (564, 178), (535, 438), (456, 502), (303, 119), (389, 535), (937, 730), (457, 562), (849, 195), (613, 131)],
	[(470, 571), (469, 718), (396, 270), (688, 271), (687, 105), (335, 104), (68, 574), (242, 814), (241, 571), (347, 367), (244, 22), (71, -80), (132, -10), (121, 271), (178, 357), (903, 416)],
	[(469, 547), (471, 718), (393, 175), (689, 328), (687, 175), (334, -42), (66, 571), (243, 812), (244, 569), (347, 368), (242, 25), (74, -78), (131, -9), (121, 269), (178, 354), (904, 375)],
	[(497, 543), (688, 546), (499, 341), (686, 192), (148, 155), (309, 733), (145, 97), (648, 769), (685, 716), (875, 400), (875, 193), (933, 8), (623, 9), (435, 344), (437, 546), (511, 706)],
	[(468, 305), (468, 480), (693, 304), (692, 477), (159, 160), (322, 724), (158, 98), (469, -84), (626, 634), (691, 818), (765, 781), (972, 693), (926, 533), (748, -74), (808, -14), (693, -69)],
	[(327, -85), (386, 257), (447, 710), (64, 638), (335, 637), (332, 343), (139, -75), (79, -7), (56, 258), (669, -60), (895, 328), (683, 236), (838, 335), (689, 2), (906, 189), (821, -58)],
	[(96, 511), (529, 827), (935, 544), (87, 212), (249, 594), (459, 259), (81, -33), (263, 442), (346, 233), (684, -56), (882, 299), (673, 197), (820, 301), (696, 7), (900, 162), (790, -55)],
	[(557, 435), (471, 639), (287, 444), (751, 374), (55, 310), (217, 405), (827, 780), (971, 309), (835, -64), (568, -68), (620, 2), (752, 78), (277, 177), (149, -89), (147, 34), (212, 309)],
	[(310, 417), (244, 594), (702, 405), (781, 593), (119, 632), (478, 822), (912, 695), (549, 379), (583, 318), (848, 104), (930, -10), (545, -88), (343, 99), (50, 39), (63, 315), (479, 630)],
	[(786, 694), (216, 694), (787, 432), (306, -39), (142, 112), (858, 759), (859, 368), (216, 126), (209, 20), (746, 25), (875, 118), (887, 172), (936, 217), (966, 211), (944, 91), (771, -40)],
	[(325, 379), (325, 65), (806, 381), (85, 686), (956, 751), (489, 685), (426, 555), (877, 444), (876, -81), (806, 0), (327, -85), (258, -82), (183, 259), (90, 172), (53, 241), (412, 682)],
	[(63, 578), (173, 813), (335, 577), (339, 403), (236, 312), (107, -78), (90, -7), (172, 289), (106, 341), (391, 715), (618, 814), (845, 714), (685, 31), (931, -75), (374, 298), (618, 399)],
	[(710, 320), (744, 380), (861, 505), (695, 713), (226, 391), (165, 431), (108, 712), (711, 630), (919, 322), (54, 233), (330, 454), (559, 318), (561, 170), (367, -73), (354, -4), (491, 169)],
	[(162, 664), (289, 189), (424, 426), (485, 634), (612, 801), (556, 671), (648, 608), (940, 434), (646, 375), (955, 140), (647, -77), (578, 606), (97, 30), (352, 727), (291, 49), (161, 31)],
	[(254, 226), (779, 34), (169, 492), (205, 650), (318, 779), (278, 679), (570, 819), (900, 678), (570, 614), (970, 398), (63, 459), (498, 615), (185, -85), (850, 286), (781, -86), (253, -86)],
	[(61, -31), (61, -31), (64, 41), (429, 40), (429, 40), (427, 806), (507, 805), (505, 527), (505, 527), (890, 528), (889, 456), (508, 457), (508, 457), (506, 41), (963, 40), (963, -30)],
	[(61, 402), (61, 402), (61, 475), (474, 476), (474, 476), (475, 816), (549, 817), (550, 476), (550, 476), (963, 474), (964, 400), (551, 403), (551, 403), (549, -84), (475, -86), (474, 402)],
	[(119, 669), (119, 669), (117, 738), (907, 737), (907, 737), (906, 667), (547, 667), (551, 50), (551, 50), (961, 50), (959, -20), (65, -17), (65, -17), (63, 52), (474, 55), (475, 669)],
	[(665, 579), (359, 578), (60, 720), (358, 721), (732, 719), (732, 580), (800, 353), (224, 334), (141, 402), (393, 566), (248, 394), (669, 459), (958, 312), (777, 191), (843, -85), (248, -87)],
	[(635, 616), (388, 615), (62, 740), (387, 739), (706, 739), (705, 616), (480, 379), (550, 424), (538, 324), (774, 133), (456, 127), (229, 124), (475, 323), (821, 518), (888, -87), (201, -86)],
	[(478, 123), (252, 111), (768, 15), (892, 147), (974, 196), (934, -56), (177, -56), (63, 399), (252, 714), (480, 818), (880, 664), (857, 208), (630, 212), (656, 281), (800, 366), (550, 123)],
	[(286, 98), (358, 229), (476, 489), (130, -78), (483, 620), (60, 759), (554, 696), (894, 551), (701, -70), (618, 6), (829, -1), (547, 488), (537, 383), (737, 207), (687, 152), (457, 206)],
	[(223, 660), (285, 690), (599, 384), (178, 322), (284, 577), (302, 478), (353, 423), (390, 229), (463, -59), (534, 381), (336, -67), (430, 389), (952, 684), (732, 625), (846, 45), (626, -12)],
	[(123, 400), (180, 420), (575, 189), (45, 281), (570, 721), (640, 722), (233, 124), (127, 34), (898, 401), (889, 352), (943, -43), (403, -86), (451, 293), (282, -89), (354, 335), (940, 553)],
	[(739, 479), (293, 478), (263, 268), (726, 270), (103, 749), (923, 748), (923, 684), (328, 682), (817, 539), (785, 44), (956, 45), (956, -22), (71, 43), (711, 42), (721, 205), (252, 686)],
	[(234, 333), (236, 48), (790, 49), (789, 334), (162, 397), (450, 397), (450, 813), (524, 814), (949, 661), (948, 596), (523, 592), (525, 397), (860, -87), (786, -90), (788, -16), (236, -87)],
	[(237, 694), (235, 447), (830, 447), (830, 693), (81, -60), (52, -34), (111, 49), (138, 151), (164, 417), (163, 762), (900, 762), (901, 323), (830, 380), (234, 381), (234, 231), (178, 16)],
	[(641, -85), (651, 456), (66, 584), (333, 642), (337, 405), (145, -77), (126, -11), (50, 326), (387, 45), (821, 707), (727, 396), (873, 6), (981, 149), (754, 20), (452, 68), (424, -25)],
	[(501, 407), (793, 397), (64, 581), (338, 641), (335, 392), (155, -67), (117, -3), (53, 335), (621, 687), (936, 684), (677, 338), (857, 34), (680, 131), (326, -52), (348, 278), (624, 623)],
	[(374, 486), (195, 333), (444, -87), (473, 56), (533, 746), (956, 721), (602, 480), (837, 418), (600, 421), (529, 17), (46, -35), (132, 209), (443, 788), (195, 693), (437, 238), (143, -5)],
	[(230, 603), (166, 811), (86, -74), (174, 122), (244, 496), (453, 19), (842, 18), (950, -50), (433, -45), (159, 21), (363, 741), (924, 709), (962, 453), (687, 68), (331, 383), (496, 682)],
	[(919, 344), (967, 392), (600, 539), (597, 804), (958, 678), (366, -87), (469, 358), (774, 394), (956, -36), (136, 687), (274, 715), (311, 412), (85, -64), (260, -12), (73, 191), (154, 509)],
	[(926, 344), (969, 391), (645, 541), (630, 804), (958, 679), (417, -88), (515, 359), (790, 392), (955, -37), (278, 816), (223, 627), (312, 388), (431, 212), (313, -84), (136, 165), (159, 629)],
	[(551, 114), (559, 223), (781, 209), (123, -17), (147, 236), (282, -66), (356, 78), (678, 0), (773, 133), (617, -60), (311, 370), (863, 472), (930, 450), (289, 313), (757, 579), (830, 519)],
	[(233, 626), (213, 745), (54, 509), (155, -77), (217, 287), (635, -63), (709, 63), (885, 8), (972, 155), (841, -59), (419, 111), (395, 602), (583, 666), (654, 743), (859, 460), (478, 65)],
	[(70, 569), (208, 633), (277, 631), (278, 569), (337, 410), (432, 312), (334, 324), (208, -83), (75, 161), (154, 371), (443, 755), (936, 687), (971, 413), (727, -85), (420, 345), (653, 688)],
	[(920, -79), (713, 36), (472, 66), (110, -89), (302, 32), (481, 309), (487, 421), (549, 298), (543, 199), (871, 32), (179, 531), (457, 822), (956, 717), (529, 531), (789, 144), (247, 134)],
	[(789, 103), (730, 182), (712, 305), (848, 148), (105, 679), (920, 745), (540, 677), (541, 427), (892, 362), (541, 36), (956, 35), (71, -31), (469, 36), (470, 364), (130, 429), (469, 679)],
	[(509, 663), (486, 722), (514, 821), (582, 684), (98, 584), (924, 650), (548, 586), (548, 357), (887, 291), (547, 33), (964, 34), (62, -32), (476, 31), (476, 289), (140, 357), (477, 585)],
	[(372, 417), (573, 412), (638, 254), (374, 33), (637, 34), (108, -83), (110, 59), (148, 426), (498, 804), (622, 704), (956, 634), (222, 244), (304, 475), (637, 591), (909, -80), (374, -81)],
	[(469, 598), (466, 374), (284, 374), (349, 87), (164, 87), (634, -84), (945, 682), (958, 199), (745, 40), (767, 107), (893, 208), (881, 685), (103, 657), (347, 816), (528, -43), (165, -44)],
	[(309, 50), (240, 222), (703, 49), (779, 222), (933, 474), (367, 579), (55, 524), (579, 817), (969, 536), (220, 516), (549, 458), (883, 260), (943, 15), (84, 14), (142, 261), (477, 455)],
	[(470, 525), (409, 730), (805, 520), (877, 730), (77, 296), (118, 470), (268, 819), (251, 584), (182, 458), (353, 466), (679, 815), (934, 403), (972, 245), (679, -86), (318, 178), (605, 402)],
	[(607, 540), (607, 495), (418, 456), (260, 153), (873, 732), (877, 627), (150, 627), (109, 184), (336, 410), (741, 88), (726, 143), (286, 344), (261, 73), (897, 113), (922, -62), (154, 219)],
	[(609, 457), (612, 581), (419, 460), (265, 299), (874, 736), (881, 633), (151, 634), (106, -83), (142, 272), (209, 232), (639, 61), (698, 33), (632, 0), (525, 40), (312, -88), (191, 13)],
	[(305, 468), (783, 354), (306, 188), (85, 637), (404, 755), (483, 753), (958, 639), (344, 526), (853, 48), (647, -71), (579, -1), (789, -11), (308, 128), (238, 393), (64, 285), (338, 640)],
	[(212, 624), (477, 400), (551, 625), (95, -89), (272, 22), (171, 275), (410, 130), (142, 338), (479, 689), (549, 686), (818, 292), (544, 181), (637, 40), (952, -34), (633, -27), (329, -39)],
	[(223, 712), (635, 713), (533, -85), (569, 210), (457, -42), (259, 21), (387, 71), (180, 11), (119, 45), (57, 437), (454, 437), (971, 436), (877, -65), (667, 0), (808, 53), (593, 9)],
	[(788, 260), (501, 109), (108, 658), (328, 826), (616, 712), (703, 711), (491, 617), (443, 486), (396, 394), (958, 1), (416, 3), (461, 260), (96, 75), (67, 391), (391, 529), (434, 659)],
	[(605, 333), (765, 333), (854, 603), (82, -56), (132, 153), (921, 774), (223, 412), (342, 483), (540, 391), (603, 389), (831, 390), (831, 332), (540, 335), (945, 10), (341, 333), (165, 15)],
	[(226, 651), (783, 651), (782, 481), (702, -17), (392, 304), (350, 54), (480, 56), (230, -57), (122, -27), (155, 711), (517, 828), (538, 710), (465, 303), (741, 219), (782, 173), (946, -37)],
	[(155, 647), (414, 818), (712, 648), (723, 624), (692, 529), (532, 416), (586, 208), (586, 127), (410, -73), (373, -13), (516, 127), (514, 232), (80, 206), (239, 339), (500, 469), (411, 646)],
	[(364, -41), (372, 86), (443, 563), (254, 556), (103, -88), (161, 183), (541, 758), (769, 717), (969, -14), (749, 251), (515, 699), (474, 160), (586, 182), (675, 124), (667, -23), (401, -27)],
	[(114, -84), (217, 53), (334, 393), (178, 417), (177, 531), (407, 657), (649, 501), (683, 696), (862, 403), (643, 87), (874, 11), (932, 193), (939, -55), (574, 70), (406, 400), (277, 3)],
	[(455, 144), (664, 205), (429, 713), (814, 769), (733, 701), (731, 436), (946, -50), (231, 58), (53, -27), (70, 322), (272, 258), (281, 685), (356, 681), (332, 227), (649, 15), (953, -23)],
	[(422, 685), (911, 770), (706, 495), (707, 203), (396, 203), (442, 496), (942, -51), (595, -49), (92, -83), (184, 98), (170, 225), (74, 406), (63, 753), (345, 465), (373, 17), (957, -21)],
	[(172, 151), (847, 149), (945, -41), (599, 423), (782, 654), (808, 600), (738, 367), (894, 423), (966, 504), (935, 305), (92, 359), (201, 725), (327, 815), (542, 646), (478, 414), (342, 334)],
	[(437, 139), (804, 139), (329, 402), (638, -1), (855, 76), (483, 333), (773, 395), (465, 769), (932, 216), (782, -66), (419, 738), (254, 561), (329, -39), (203, -51), (83, 264), (216, 680)],
	[(715, 511), (754, 654), (813, 616), (138, 713), (286, 655), (64, 451), (550, 809), (963, 385), (719, 177), (930, -3), (608, 249), (480, -88), (423, 249), (94, -23), (192, 120), (426, 385)],
	[(451, 581), (230, 727), (496, 639), (114, 534), (286, 507), (62, 322), (558, 510), (639, 815), (633, 516), (964, 322), (594, 230), (943, -4), (720, 50), (109, -88), (296, 43), (527, 254)],
	[(196, 409), (456, 641), (624, 819), (931, 639), (971, 501), (558, 312), (889, -32), (564, 75), (676, 86), (527, 444), (563, 570), (413, 741), (382, 467), (197, 33), (105, 294), (211, 677)],
	[(217, 660), (244, 333), (548, 472), (967, 334), (866, 238), (710, -60), (570, -30), (785, -5), (469, 182), (234, -64), (409, 186), (48, -38), (148, 720), (552, 826), (907, 499), (170, 19)],
	[(61, 129), (286, 195), (562, 377), (142, -57), (246, 9), (338, 315), (158, 379), (70, 760), (404, 308), (385, -58), (417, -60), (497, 231), (668, 737), (770, 693), (872, 268), (505, 3)],
	[(331, 564), (208, 256), (540, 378), (353, 42), (97, -70), (221, 163), (146, 566), (175, 725), (223, 631), (309, 175), (385, -60), (474, 241), (655, 738), (755, 694), (869, 267), (477, 4)],
	[(122, 595), (122, 662), (474, 819), (549, 660), (903, 594), (550, 418), (965, 354), (548, 35), (810, 258), (882, -84), (810, -29), (141, 259), (214, 35), (474, 353), (56, 418), (476, 594)],
	[(63, 565), (63, 632), (599, 816), (673, 634), (959, 565), (671, 300), (699, 58), (946, -30), (650, -2), (371, 0), (84, -60), (320, 60), (308, 271), (275, 519), (491, 207), (598, 565)],
	[(185, 559), (184, 318), (477, 560), (838, 561), (549, 316), (839, 318), (112, 627), (474, 628), (550, 825), (547, 627), (912, 199), (841, 200), (547, 251), (547, -92), (474, 249), (185, 198)],
	[(235, 492), (234, 302), (795, 494), (234, 242), (793, 50), (792, 242), (61, 762), (962, 763), (538, 697), (505, 557), (867, -82), (792, -84), (233, -11), (234, -81), (164, 559), (463, 696)],
	[(237, 709), (236, 568), (790, 709), (237, 507), (790, 365), (789, 508), (166, 770), (859, 771), (551, 303), (550, 180), (967, 115), (550, 113), (474, -88), (475, 114), (60, 179), (476, 302)],
	[(68, 580), (202, 817), (380, 578), (293, 445), (326, 335), (201, 428), (65, 211), (431, 581), (751, 817), (969, 581), (799, 63), (932, -68), (395, -89), (527, 60), (528, 518), (745, 578)],
	[(90, 565), (242, 813), (446, 564), (343, 469), (378, 358), (243, 440), (67, 173), (497, 564), (647, 815), (940, 564), (885, 235), (935, 81), (716, 441), (648, 438), (373, 135), (644, 563)],
	[(83, 698), (939, 767), (714, 697), (963, 387), (712, 74), (507, -64), (415, -26), (479, 6), (639, 90), (606, 385), (264, 46), (86, -2), (357, 173), (145, 454), (279, 636), (639, 698)],
	[(77, 701), (948, 768), (539, 701), (880, 499), (539, 343), (896, 221), (888, 94), (708, -69), (530, -70), (495, -30), (687, 4), (814, 106), (819, 187), (138, 282), (246, 632), (469, 702)],
	[(602, -83), (473, 203), (359, 306), (604, 426), (246, 412), (189, 35), (87, -59), (121, 64), (172, 417), (549, 760), (560, 696), (244, 492), (954, 425), (807, 177), (916, 69), (680, -84)],
	[(170, 445), (136, 472), (237, 643), (297, 826), (347, 751), (320, 690), (897, 625), (578, 625), (973, 355), (971, 284), (579, -83), (502, -85), (52, 284), (54, 354), (500, 626), (233, 528)],
	[(597, -86), (596, 385), (235, 237), (206, 134), (112, -79), (84, -52), (114, 67), (137, 164), (162, 418), (162, 744), (870, 786), (891, 714), (237, 678), (232, 451), (964, 383), (671, -86)],
	[(905, -84), (698, 32), (438, -10), (68, -23), (486, 182), (556, 414), (554, 243), (949, -19), (58, 541), (441, 809), (762, 729), (628, 532), (800, 135), (245, 128), (537, 531), (225, 572)],
	[(57, 634), (309, 699), (383, 701), (712, 816), (966, 634), (640, 538), (381, 631), (308, 633), (538, 120), (790, 106), (799, 400), (412, -90), (104, 399), (870, 333), (685, 43), (577, 42)],
	[(211, 463), (227, 558), (310, 698), (345, 776), (554, 637), (397, 536), (419, 451), (184, 45), (627, 759), (976, 318), (798, 40), (773, 107), (906, 308), (691, -87), (516, -78), (185, -77)],
	[(559, 463), (571, 557), (656, 704), (699, 772), (940, 647), (760, 531), (781, 445), (502, 34), (90, 771), (361, 346), (234, 90), (211, 153), (299, 332), (153, -84), (899, -84), (503, -85)],
	[(496, 707), (69, 571), (256, 631), (311, 384), (314, 321), (115, -77), (137, -9), (65, 256), (188, 569), (706, 442), (703, 10), (964, -23), (536, -56), (300, -37), (497, 335), (636, 439)],
	[(61, -36), (105, 444), (309, 808), (362, 517), (365, 408), (452, 245), (158, 164), (247, 363), (124, 448), (640, 664), (679, 512), (784, 414), (870, 246), (630, 172), (602, 307), (530, 450)],
	[(82, 684), (947, 748), (476, 684), (398, 546), (849, 481), (611, 148), (153, -91), (111, -23), (689, 301), (349, 481), (289, 400), (537, 233), (354, 277), (185, 292), (89, 259), (392, 685)],
	[(383, -29), (205, 153), (283, 798), (587, 543), (897, 620), (603, 479), (282, 352), (280, 93), (409, 40), (765, 38), (833, 90), (856, 232), (903, 293), (932, 213), (903, 44), (708, -27)],
	[(542, 703), (823, 703), (824, 15), (826, 265), (62, 536), (81, 684), (233, 755), (271, 697), (411, 478), (363, 326), (323, 278), (205, 356), (59, 131), (366, -47), (475, 763), (972, -45)],
	[(437, 208), (589, 206), (649, 7), (375, 6), (87, 703), (311, 822), (361, 702), (771, 790), (939, 703), (895, 554), (546, 408), (74, 408), (129, 502), (58, -54), (154, 261), (970, -55)],
	[(365, 186), (807, 26), (219, 594), (299, -85), (546, 241), (217, 209), (105, -83), (106, 48), (151, 241), (891, 780), (219, 419), (616, 517), (955, 416), (615, 242), (806, -86), (366, -85)],
	[(220, 491), (480, 334), (546, 489), (62, 659), (479, 725), (545, 724), (547, 662), (873, 273), (731, 108), (926, -41), (616, 139), (481, -83), (334, 43), (51, 7), (149, 273), (479, 660)],
	[(301, 193), (174, 353), (178, 609), (158, 769), (968, 390), (654, 217), (823, 247), (947, 15), (695, 97), (562, -68), (329, -27), (491, -12), (283, 87), (138, 101), (487, 390), (756, 553)],
	[(753, 659), (660, 816), (337, 38), (525, 572), (244, 39), (183, 82), (75, 572), (346, 820), (413, 635), (596, 238), (766, 272), (680, 7), (889, 133), (958, 110), (661, -59), (447, 53)],
	[(543, 255), (798, 257), (547, 295), (481, 192), (225, 295), (223, 683), (224, 644), (801, 644), (966, 452), (870, 779), (860, 401), (545, 90), (544, 48), (54, -54), (481, 47), (479, 146)],
	[(681, 606), (842, 607), (341, 511), (847, 124), (180, 128), (626, 649), (125, 469), (400, 471), (899, 82), (400, 276), (932, 765), (544, 398), (543, 346), (63, -47), (479, 344), (478, 712)],
	[(193, 734), (364, 733), (596, 651), (663, 649), (250, 208), (250, 102), (251, 59), (774, 57), (777, 379), (898, 783), (477, 532), (544, 532), (546, 487), (972, -6), (57, -6), (478, 486)],
	[(57, 671), (384, 671), (368, 389), (324, 164), (238, 70), (117, 111), (66, 449), (921, -70), (376, -84), (523, 115), (552, 607), (416, 427), (628, 802), (845, 672), (774, 208), (945, -36)],
	[(146, 392), (198, 489), (265, 775), (749, 503), (928, 439), (684, 539), (336, 569), (66, 278), (541, 473), (964, 280), (848, 82), (930, -28), (539, 266), (473, 269), (92, -38), (413, 278)],
	[(109, -86), (109, 51), (144, 719), (587, 824), (958, 719), (212, 219), (270, 532), (523, 634), (918, 531), (388, 309), (665, 426), (665, 249), (664, 82), (596, 84), (594, 252), (425, 473)],
	[(110, -86), (105, 46), (149, 713), (568, 823), (968, 711), (219, 232), (405, -41), (515, -6), (271, 258), (417, 432), (597, 389), (896, 564), (666, 345), (953, 258), (647, 255), (476, -72)],
	[(65, 511), (188, 578), (256, 816), (376, 510), (255, 178), (386, 189), (335, 135), (70, 44), (114, 132), (313, -33), (451, 34), (521, 33), (673, 819), (943, 529), (739, 467), (974, -30)],
	[(113, -78), (52, -25), (131, 154), (149, 689), (525, 737), (595, 764), (593, 689), (224, 622), (224, 240), (304, 312), (569, 377), (643, 378), (921, 310), (964, 33), (247, -33), (571, 311)],
	[(515, 468), (529, 591), (660, 544), (295, 543), (297, 707), (661, 705), (953, 707), (81, 408), (385, 343), (818, 83), (508, -60), (644, 3), (755, 228), (227, -22), (177, 31), (312, 408)],
	[(85, 474), (873, 475), (626, 632), (330, 630), (332, 746), (626, 745), (966, 747), (95, 378), (488, 522), (904, 378), (505, 257), (879, 257), (962, 101), (505, -90), (506, 103), (279, 378)],
	[(440, 358), (638, 409), (386, 418), (478, 716), (549, 716), (546, 660), (965, 480), (719, 396), (892, 278), (965, 157), (548, -89), (56, 101), (477, 282), (367, 338), (308, 480), (477, 658)],
	[(165, 265), (173, 442), (233, 404), (99, -26), (395, 293), (434, 675), (893, 744), (879, 261), (825, -5), (609, -58), (508, 18), (734, 18), (798, 160), (813, 545), (504, 549), (311, 21)],
	[(314, 260), (235, 469), (704, 260), (787, 461), (654, 593), (369, 591), (58, 670), (301, 820), (654, 820), (966, 729), (724, 594), (921, 548), (545, 228), (547, 168), (478, 168), (479, 490)],
	[(489, 406), (444, 621), (834, 403), (880, 620), (67, 520), (181, 815), (353, 581), (247, 159), (378, 116), (48, 126), (182, 520), (938, 758), (695, 324), (695, 260), (628, 263), (627, 696)],
	[(274, 60), (371, 171), (551, 410), (657, 228), (514, 248), (238, 393), (458, 546), (114, -83), (486, 742), (551, 686), (790, -68), (648, -36), (842, -7), (542, 622), (796, 402), (455, 414)],
	[(493, 697), (946, 698), (973, 337), (682, -83), (684, 403), (179, 699), (286, 815), (226, 638), (263, 398), (426, 400), (396, 195), (456, 139), (255, -85), (64, 96), (257, 339), (158, 638)],
	[(98, 427), (52, 479), (312, 803), (478, 641), (303, 577), (231, 578), (504, 420), (444, 462), (719, 800), (966, 642), (820, 578), (712, -71), (590, -39), (637, -6), (749, 55), (561, 497)],
	[(69, 486), (331, 554), (403, -79), (277, 92), (136, 38), (175, 125), (729, -52), (597, 84), (673, 495), (959, 575), (671, 418), (746, 15), (888, 100), (901, 229), (967, 148), (799, -51)],
	[(210, 712), (476, 577), (813, 710), (813, 575), (547, 382), (813, 519), (478, 380), (111, 146), (477, 206), (141, 772), (884, 324), (546, 203), (546, 144), (970, 23), (54, -38), (476, 144)],
	[(243, 391), (779, 300), (245, 248), (778, 247), (244, 10), (778, 102), (778, 441), (77, 680), (478, 738), (546, 737), (948, 680), (547, 590), (972, 11), (55, -46), (177, 9), (478, 678)],
];
